-- apis
INSERT INTO apis.apis (id, name, description, base_url, documentation, response_type, collection_date, authentication) VALUES (18, 'API REST do Portal de Dados Aberto', 'API de Dados do Portal de Dados abertos', 'https://dados.gov.br/dados/api/', 'https://dados.gov.br/swagger-ui/index.html#/', 'JSON', '2024-05-03', 'S');

--api_endpoints
INSERT INTO apis.api_endpoints (id, api_id, name, url, description, example, api_responses_id) VALUES (620, 18, 'Detalha um conjunto de dados - GET', 'https://dados.gov.br/dados/api/publico/conjuntos-dados/{id}', 'Detalha um conjunto de dados - GET', 'https://dados.gov.br/dados/api/publico/conjuntos-dados/93b2740e-329b-4ef6-ab15-0ed59084f78d', 620);
INSERT INTO apis.api_endpoints (id, api_id, name, url, description, example, api_responses_id) VALUES (621, 18, 'Atualiza um conjunto de dados (Exclusivo para administradores de organização) - PUT', 'https://dados.gov.br/dados/api/publico/conjuntos-dados/{id}', 'Atualiza um conjunto de dados (Exclusivo para administradores de organização) - PUT', '""', 621);
INSERT INTO apis.api_endpoints (id, api_id, name, url, description, example, api_responses_id) VALUES (622, 18, 'Exclui um conjunto de dados (Exclusivo para administradores de organização) - DELETE', 'https://dados.gov.br/dados/api/publico/conjuntos-dados/{id}', 'Exclui um conjunto de dados (Exclusivo para administradores de organização) - DELETE', '""', 622);
INSERT INTO apis.api_endpoints (id, api_id, name, url, description, example, api_responses_id) VALUES (623, 18, 'Atualiza partes de um conjunto de dados (Exclusivo para administradores de organização) - PATCH', 'https://dados.gov.br/dados/api/publico/conjuntos-dados', 'Atualiza partes de um conjunto de dados (Exclusivo para administradores de organização) - PATCH', '""', 623);
INSERT INTO apis.api_endpoints (id, api_id, name, url, description, example, api_responses_id) VALUES (624, 18, 'Lista conjuntos de dados - GET', 'https://dados.gov.br/dados/api/publico/conjuntos-dados', 'Lista conjuntos de dados - GET', 'https://dados.gov.br/dados/api/publico/conjuntos-dados?isPrivado=false&pagina=1', 624);
INSERT INTO apis.api_endpoints (id, api_id, name, url, description, example, api_responses_id) VALUES (625, 18, 'Cria um conjunto de dados (Exclusivo para administradores de organização) - POST', 'https://dados.gov.br/dados/api/publico/conjuntos-dados', 'Cria um conjunto de dados (Exclusivo para administradores de organização) - POST', '""', 625);
INSERT INTO apis.api_endpoints (id, api_id, name, url, description, example, api_responses_id) VALUES (626, 18, 'Formatos - GET', 'https://dados.gov.br/dados/api/publico/conjuntos-dados/formatos', 'Formatos - GET', 'https://dados.gov.br/dados/api/publico/conjuntos-dados/formatos', 626);
INSERT INTO apis.api_endpoints (id, api_id, name, url, description, example, api_responses_id) VALUES (627, 18, 'Resposta de Solicitações (Exclusivo para administradores de organização) - POST', 'https://dados.gov.br/dados/api/solicitacoes/resposta', 'Resposta de Solicitações (Exclusivo para administradores de organização) - POST', '""', 627);
INSERT INTO apis.api_endpoints (id, api_id, name, url, description, example, api_responses_id) VALUES (628, 18, 'Consulta de Solicitações - GET', 'https://dados.gov.br/dados/api/solicitacoes', 'Consulta de Solicitações - GET', 'https://dados.gov.br/dados/api/solicitacoes', 628);
INSERT INTO apis.api_endpoints (id, api_id, name, url, description, example, api_responses_id) VALUES (629, 18, 'Salvar Recurso (Exclusivo para administradores de organização) - POST', 'https://dados.gov.br/dados/api/recurso/salvar', 'Salvar Recurso (Exclusivo para administradores de organização) - POST', '""', 629);
INSERT INTO apis.api_endpoints (id, api_id, name, url, description, example, api_responses_id) VALUES (630, 18, 'Excluir Recurso (Exclusivo para administradores de organização) - DELETE', 'https://dados.gov.br/dados/api/recurso/{id}', 'Excluir Recurso (Exclusivo para administradores de organização) - DELETE', '""', 630);
INSERT INTO apis.api_endpoints (id, api_id, name, url, description, example, api_responses_id) VALUES (631, 18, 'Consulta de temas - GET', 'https://dados.gov.br/dados/api/temas', 'Consulta de temas - GET', 'https://dados.gov.br/dados/api/temas', 631);
INSERT INTO apis.api_endpoints (id, api_id, name, url, description, example, api_responses_id) VALUES (632, 18, 'Lista organizações - GET', 'https://dados.gov.br/dados/api/publico/organizacao', 'Lista organizações - GET', 'https://dados.gov.br/dados/api/publico/organizacao?pagina=1', 632);
INSERT INTO apis.api_endpoints (id, api_id, name, url, description, example, api_responses_id) VALUES (633, 18, 'Detalha uma organização - GET', 'https://dados.gov.br/dados/api/publico/organizacao/{id}', 'Detalha uma organização - GET', 'https://dados.gov.br/dados/api/publico/organizacao/8a92c97c-0b00-42dd-a09a-0cd79cc832a4', 633);
INSERT INTO apis.api_endpoints (id, api_id, name, url, description, example, api_responses_id) VALUES (634, 18, 'Listar inventários - GET', 'https://dados.gov.br/dados/api/publico/inventarios', 'Listar inventários - GET', 'https://dados.gov.br/dados/api/publico/inventarios', 634);


--endpoints_parameters
INSERT INTO apis.endpoint_parameters (id, endpoints_id, parameter_id, required) VALUES (3152, 620, 1176, 'S');
INSERT INTO apis.endpoint_parameters (id, endpoints_id, parameter_id, required) VALUES (3153, 621, 1176, 'S');
INSERT INTO apis.endpoint_parameters (id, endpoints_id, parameter_id, required) VALUES (3154, 621, 1177, 'S');
INSERT INTO apis.endpoint_parameters (id, endpoints_id, parameter_id, required) VALUES (3155, 622, 1176, 'S');
INSERT INTO apis.endpoint_parameters (id, endpoints_id, parameter_id, required) VALUES (3156, 623, 1176, 'S');
INSERT INTO apis.endpoint_parameters (id, endpoints_id, parameter_id, required) VALUES (3157, 623, 1177, 'S');
INSERT INTO apis.endpoint_parameters (id, endpoints_id, parameter_id, required) VALUES (3158, 624, 1178, 'N');
INSERT INTO apis.endpoint_parameters (id, endpoints_id, parameter_id, required) VALUES (3159, 624, 1179, 'N');
INSERT INTO apis.endpoint_parameters (id, endpoints_id, parameter_id, required) VALUES (3160, 624, 1180, 'N');
INSERT INTO apis.endpoint_parameters (id, endpoints_id, parameter_id, required) VALUES (3161, 624, 1181, 'S');
INSERT INTO apis.endpoint_parameters (id, endpoints_id, parameter_id, required) VALUES (3162, 625, 1177, 'S');
INSERT INTO apis.endpoint_parameters (id, endpoints_id, parameter_id, required) VALUES (3163, 627, 1177, 'S');
INSERT INTO apis.endpoint_parameters (id, endpoints_id, parameter_id, required) VALUES (3164, 628, 1182, 'S');
INSERT INTO apis.endpoint_parameters (id, endpoints_id, parameter_id, required) VALUES (3165, 629, 1177, 'S');
INSERT INTO apis.endpoint_parameters (id, endpoints_id, parameter_id, required) VALUES (3166, 630, 1176, 'S');
INSERT INTO apis.endpoint_parameters (id, endpoints_id, parameter_id, required) VALUES (3167, 632, 1183, 'N');
INSERT INTO apis.endpoint_parameters (id, endpoints_id, parameter_id, required) VALUES (3168, 632, 1181, 'S');
INSERT INTO apis.endpoint_parameters (id, endpoints_id, parameter_id, required) VALUES (3169, 633, 1176, 'S');
INSERT INTO apis.endpoint_parameters (id, endpoints_id, parameter_id, required) VALUES (3170, 634, 1180, 'N');


--parameters
INSERT INTO apis.parameters (id, name, type, formart, description) VALUES (1176, 'id', 'String', null, 'ID');
INSERT INTO apis.parameters (id, name, type, formart, description) VALUES (1177, 'request body', 'json', null, 'request body');
INSERT INTO apis.parameters (id, name, type, formart, description) VALUES (1178, 'nomeConjuntoDados', 'string', null, 'nomeConjuntoDados');
INSERT INTO apis.parameters (id, name, type, formart, description) VALUES (1179, 'isPrivado', 'string', 'false/true', 'Default value : false');
INSERT INTO apis.parameters (id, name, type, formart, description) VALUES (1180, 'idOrganizacao', 'string', null, 'idOrganizacao');
INSERT INTO apis.parameters (id, name, type, formart, description) VALUES (1181, 'pagina', 'integer($int32)', null, 'numero pagina');
INSERT INTO apis.parameters (id, name, type, formart, description) VALUES (1182, 'filtro', 'object', null, 'filtro');
INSERT INTO apis.parameters (id, name, type, formart, description) VALUES (1183, 'nome', 'string', null, 'nome');


--api_responses
INSERT INTO apis.api_responses (id, description, data_dictionary, response_example) VALUES (620, 'Detalha um conjunto de dados - GET', null, '{"id": "93b2740e-329b-4ef6-ab15-0ed59084f78d", "tags": [{"id": "0ad8d345-b867-42fa-af4c-1deb080d25d0", "name": "Indicador", "display_name": null}, {"id": "38e39aa2-e018-413f-a93b-b0c146828886", "name": "PGI", "display_name": null}], "reuso": false, "temas": [], "titulo": "Indicadores sobre Ensino Técnico", "versao": null, "licenca": "odc-odbl", "recursos": [{"id": "e45d728a-1946-4909-a7eb-115b28e8a049", "link": "http://api.pgi.gov.br/api/1/serie/2145.xml", "tipo": null, "titulo": "Quantidade de escolas técnicas criadas por ano, desde 2000", "formato": "XML", "descricao": "Quantidade de escolas técnicas criadas a cada ano, desde 2000. O valor apresentado no ano de 2000 é a quantidade acumulada naquele ano nos anos seguintes registra as escolas criadas a cada ano.", "idConjuntoDados": "93b2740e-329b-4ef6-ab15-0ed59084f78d"}, {"id": "ee438b99-760d-4472-b656-baad498eb568", "link": "http://api.pgi.gov.br/api/1/serie/2145.json", "tipo": null, "titulo": "Quantidade de escolas técnicas criadas por ano, desde 2000", "formato": "JSON", "descricao": "Quantidade de escolas técnicas criadas a cada ano, desde 2000. O valor apresentado no ano de 2000 é a quantidade acumulada naquele ano nos anos seguintes registra as escolas criadas a cada ano.", "idConjuntoDados": "93b2740e-329b-4ef6-ab15-0ed59084f78d"}, {"id": "ed5ac772-9efc-4474-856c-5af9402feb88", "link": "http://api.pgi.gov.br/api/1/serie/2146.xml", "tipo": null, "titulo": "Número de matriculas em cursos de nível superior, na modalidade presencial nas IFETP", "formato": "XML", "descricao": "Número de matriculas em cursos de nível superior, na modalidade presencial, oferecidos por Instituições Federais de Ensino Técnico e Profissionalizante.", "idConjuntoDados": "93b2740e-329b-4ef6-ab15-0ed59084f78d"}, {"id": "ec43a378-2de0-4d86-a2e7-f398af55a65e", "link": "http://api.pgi.gov.br/api/1/serie/2146.json", "tipo": null, "titulo": "Número de matriculas em cursos de nível superior, na modalidade presencial nas IFETP", "formato": "JSON", "descricao": "Número de matriculas em cursos de nível superior, na modalidade presencial, oferecidos por Instituições Federais de Ensino Técnico e Profissionalizante.", "idConjuntoDados": "93b2740e-329b-4ef6-ab15-0ed59084f78d"}, {"id": "c1116796-41bb-406b-824a-a45a54e5feb9", "link": "http://api.pgi.gov.br/api/1/serie/2148.xml", "tipo": null, "titulo": "Quantidade matriculas realizados em cursos do Ensino Médio Integrado oferecidos por Institutos Federais", "formato": "XML", "descricao": "Quantidade matriculas realizados em cursos do Ensino Médio Integrado oferecidos por Institutos Federais de Ensino Profissional e Tecnológico", "idConjuntoDados": "93b2740e-329b-4ef6-ab15-0ed59084f78d"}, {"id": "3bac834c-0c5e-4c99-8d6a-e59792442468", "link": "http://api.pgi.gov.br/api/1/serie/2148.json", "tipo": null, "titulo": "Quantidade matriculas realizados em cursos do Ensino Médio Integrado oferecidos por Institutos Federais", "formato": "JSON", "descricao": "Quantidade matriculas realizados em cursos do Ensino Médio Integrado oferecidos por Institutos Federais de Ensino Profissional e Tecnológico", "idConjuntoDados": "93b2740e-329b-4ef6-ab15-0ed59084f78d"}, {"id": "3f968c2d-f822-478f-a86c-e7eae85cf43f", "link": "http://api.pgi.gov.br/api/1/serie/2589.xml", "tipo": null, "titulo": "Número de matriculas vigentes em cursos superiores presenciais ofertados pela Rede de Educação Profissional e Tecnológica", "formato": "XML", "descricao": "Quantidade de matriculas vigentes a cada ano nos cursos de nível superior a distância ofertados pela Rede Federal de Ensino Profissional e Tecnológica", "idConjuntoDados": "93b2740e-329b-4ef6-ab15-0ed59084f78d"}, {"id": "783ecd44-f047-4742-916a-c3c4b61dbbc2", "link": "http://api.pgi.gov.br/api/1/serie/2589.json", "tipo": null, "titulo": "Número de matriculas vigentes em cursos superiores presenciais ofertados pela Rede de Educação Profissional e Tecnológica", "formato": "JSON", "descricao": "Quantidade de matriculas vigentes a cada ano nos cursos de nível superior a distância ofertados pela Rede Federal de Ensino Profissional e Tecnológica", "idConjuntoDados": "93b2740e-329b-4ef6-ab15-0ed59084f78d"}, {"id": "b1560ccf-15df-48ce-a072-43c7ad29b178", "link": "http://api.pgi.gov.br/api/1/serie/2028.xml", "tipo": null, "titulo": "Número de matrículas em nível de pós-graduação realizadas na Rede Federal de Educação Profissional e Tecnológica", "formato": "XML", "descricao": "Número de matrículas em nível de pós-graduação realizadas na Rede Federal de Educação Profissional e Tecnológica.", "idConjuntoDados": "93b2740e-329b-4ef6-ab15-0ed59084f78d"}, {"id": "0e34f02a-b67c-4b95-805a-6c96d8dace3c", "link": "http://api.pgi.gov.br/api/1/serie/2028.json", "tipo": null, "titulo": "Número de matrículas em nível de pós-graduação realizadas na Rede Federal de Educação Profissional e Tecnológica", "formato": "JSON", "descricao": "Número de matrículas em nível de pós-graduação realizadas na Rede Federal de Educação Profissional e Tecnológica.", "idConjuntoDados": "93b2740e-329b-4ef6-ab15-0ed59084f78d"}, {"id": "94a11490-d347-4f0f-8b18-9d8973bf3188", "link": "http://api.pgi.gov.br/api/1/serie/2029.xml", "tipo": null, "titulo": "Número de matrículas em EAD de nível superior na Rede Federal de Educação Profissional e Tecnológica", "formato": "XML", "descricao": "Número de matrículas em EAD de nível superior na Rede Federal de Educação Profissional e Tecnológica", "idConjuntoDados": "93b2740e-329b-4ef6-ab15-0ed59084f78d"}, {"id": "6d225d3c-02f4-46f7-8357-2226c6b37ba2", "link": "http://api.pgi.gov.br/api/1/serie/2029.json", "tipo": null, "titulo": "Número de matrículas em EAD de nível superior na Rede Federal de Educação Profissional e Tecnológica", "formato": "JSON", "descricao": "Número de matrículas em EAD de nível superior na Rede Federal de Educação Profissional e Tecnológica", "idConjuntoDados": "93b2740e-329b-4ef6-ab15-0ed59084f78d"}, {"id": "33fd70da-0b7c-4a91-a66b-8cff2c75f812", "link": "http://api.pgi.gov.br/api/1/serie/1768.xml", "tipo": null, "titulo": "Número de matrículas realizadas em cursos ofertadas na Rede Federal de Educação Profissional e Tecnológica", "formato": "XML", "descricao": "Número de matrículas em nível médio e técnico realizadas em cursos ofertados pela Rede Federal de Educação Profissional e Tecnológica, segundo dados do Censo/INEP e CAPES. O número total de matrículas inclui o ensino médio, EJA - médio, médio integrado, educação profissional de nível técnico e educação superior (inclusive EAD e Pós-Graduação).", "idConjuntoDados": "93b2740e-329b-4ef6-ab15-0ed59084f78d"}, {"id": "f486379a-96e7-46d4-9841-928081461f8e", "link": "http://api.pgi.gov.br/api/1/serie/1768.json", "tipo": null, "titulo": "Número de matrículas realizadas em cursos ofertadas na Rede Federal de Educação Profissional e Tecnológica", "formato": "JSON", "descricao": "Número de matrículas em nível médio e técnico realizadas em cursos ofertados pela Rede Federal de Educação Profissional e Tecnológica, segundo dados do Censo/INEP e CAPES. O número total de matrículas inclui o ensino médio, EJA - médio, médio integrado, educação profissional de nível técnico e educação superior (inclusive EAD e Pós-Graduação).", "idConjuntoDados": "93b2740e-329b-4ef6-ab15-0ed59084f78d"}], "descricao": "Série histórica de indicadores dos resultados governamentais relativos à Ensino Técnico. PGI é um repositório de informações estruturadas (indicadores) à feição dos processos de governança para o Governo Federal; ou seja, um repositório de compartilhamento de indicadores de políticas públicas.\\n\\n**Atenção:** os dados das séries de indicadores são fornecidos por seu valor\\nhistórico e não serão mais atualizados após dezembro/2014.\\n\\nFonte: [Plataforma de Gestão de Indicadores (PGI)](http://pgi.gov.br/pgi/)\\n\\n## Sobre o PGI\\n\\nA Plataforma de Gestão de Indicadores (PGI) foi uma ferramenta criada em 2010,\\nno âmbito do [projeto I3Gov](https://i3gov.planejamento.gov.br/), para agregar\\nséries de indicadores de gestão a partir de informações prestadas por diversos\\nórgãos federais.\\n\\nFoi desativada no início de 2015 pela Casa Civil da Presidência da República,\\nentretanto, ficou estabelecido que o Ministério do Planejamento, Orçamento e\\nGestão manteria disponíveis os dados históricos que haviam sido cadastrados\\naté dezembro de 2014.\\n\\nCada grupo de série histórica foi mapeada para um conjunto de dados e cada\\nsérie de indicadores foi mapeada para um recurso. Os dados são servidos nos\\nformatos XML e JSON pela API do PGI.\\n", "inventario": null, "organizacao": "ministerio-da-educacao-mec", "responsavel": "Gabinete do Ministro - (MEC/GABMIN)", "visibilidade": "PUBLICA", "descontinuado": false, "periodicidade": null, "emailResponsavel": null, "atualizacaoVersao": false, "coberturaEspacial": null, "statusHomologacao": null, "dataDescontinuacao": null, "coberturaTemporalFim": null, "granularidadeEspacial": null, "valorCoberturaEspacial": null, "coberturaTemporalInicio": null}');
INSERT INTO apis.api_responses (id, description, data_dictionary, response_example) VALUES (621, 'Atualiza um conjunto de dados (Exclusivo para administradores de organização) - PUT', null, '[]');
INSERT INTO apis.api_responses (id, description, data_dictionary, response_example) VALUES (622, 'Exclui um conjunto de dados (Exclusivo para administradores de organização) - DELETE', null, '[]');
INSERT INTO apis.api_responses (id, description, data_dictionary, response_example) VALUES (623, 'Atualiza partes de um conjunto de dados (Exclusivo para administradores de organização) - PATCH', null, '[]');
INSERT INTO apis.api_responses (id, description, data_dictionary, response_example) VALUES (624, 'Lista conjuntos de dados - GET', null, '[{"id": "e668f214-e24a-4eda-b0b6-3c73765615d3", "nome": "dados-coletados-no-perfil-de-governanca-de-ti", "title": "Dados coletados no Perfil de Governança de TI", "dataAtualizacao": "03/06/2015 10:34:17", "nomeOrganizacao": "tribunal-de-contas-da-uniao-tcu"}, {"id": "1b9ed187-70d0-4f92-be56-48be6b3d781c", "nome": "plano-plurianual-2004-2007", "title": "Plano Plurianual 2004-2007", "dataAtualizacao": "14/10/2015 09:54:06", "nomeOrganizacao": "ministerio-do-planejamento-e-orcamento"}, {"id": "fd119fe0-9e32-42b9-8ed8-6a6dbe4fad2b", "nome": "plano-plurianual-2008-2011", "title": "Plano Plurianual 2008-2011", "dataAtualizacao": "14/10/2015 09:54:25", "nomeOrganizacao": "ministerio-do-planejamento-e-orcamento"}, {"id": "57ebe979-501c-4aa9-8152-16f2bd52181e", "nome": "saneamento-em-areas-indigenas-funasa", "title": "Indicadores sobre Saneamento em Áreas Indígenas Funasa", "dataAtualizacao": "15/08/2016 10:52:07", "nomeOrganizacao": "fundacao-nacional-de-saude-funasa"}, {"id": "87cfe915-b8c9-4cbf-9808-72b5d912b88d", "nome": "saneamento-areas-especiais-funasa", "title": "Indicadores sobre Saneamento Áreas Especiais Funasa", "dataAtualizacao": "15/08/2016 10:52:11", "nomeOrganizacao": "fundacao-nacional-de-saude-funasa"}, {"id": "a56c6ac7-e5bd-426a-84f8-0ace64ab0873", "nome": "residuos-solidos-funasa", "title": "Indicadores sobre Resíduos Sólidos - Funasa", "dataAtualizacao": "15/08/2016 10:52:14", "nomeOrganizacao": "fundacao-nacional-de-saude-funasa"}, {"id": "16af9251-fde3-4726-bda9-2a83f23c47c4", "nome": "esgotamento-sanitario-funasa", "title": "Indicadores sobre Esgotamento Sanitário Funasa", "dataAtualizacao": "15/08/2016 10:52:26", "nomeOrganizacao": "fundacao-nacional-de-saude-funasa"}, {"id": "8d0f9bf8-1b8b-4a64-8ee0-01de487b16ec", "nome": "abastecimento-de-agua-funasa", "title": "Indicadores sobre Abastecimento de Água - Funasa", "dataAtualizacao": "15/08/2016 10:52:34", "nomeOrganizacao": "fundacao-nacional-de-saude-funasa"}, {"id": "06275cba-7542-4155-9d3b-35f80710e404", "nome": "fornecedores-de-fortaleza-para-o-governo-do-ceara", "title": "Fornecedores da Prefeitura Municipal de Fortaleza do Estado do Ceará", "dataAtualizacao": "18/08/2016 14:41:23", "nomeOrganizacao": "tribunal-de-contas-dos-municipios-do-estado-do-ceara-tcm-ce"}, {"id": "743e7e8b-90b2-4587-974c-14085f18d9a9", "nome": "sistema-de-informacoes-ambulatoriais-do-sus-sia-sus", "title": "Indicadores sobre Sistema de Informações Ambulatoriais do SUS - SIA/SUS", "dataAtualizacao": "18/08/2016 15:07:24", "nomeOrganizacao": "instituto-brasileiro-de-geografia-e-estatistica-ibge"}, {"id": "5ae44a9c-8f38-49cb-80bb-faa81dabc698", "nome": "sistema-de-informacoes-de-nascidos-vivos-sinasc", "title": "Indicadores sobre Sistema de Informações de Nascidos Vivos - SINASC", "dataAtualizacao": "18/08/2016 15:07:29", "nomeOrganizacao": "instituto-brasileiro-de-geografia-e-estatistica-ibge"}, {"id": "ceb1197d-2533-4942-9aba-7e7a102b5df8", "nome": "sistema-de-informacoes-hospitalares-do-sus-sih-sus", "title": "Indicadores sobre Sistema de Informações Hospitalares do SUS - SIH/SUS", "dataAtualizacao": "18/08/2016 15:07:30", "nomeOrganizacao": "instituto-brasileiro-de-geografia-e-estatistica-ibge"}, {"id": "3af69206-8e44-4bfb-a8d2-fcea14c3f914", "nome": "populacao", "title": "Indicadores sobre População", "dataAtualizacao": "18/08/2016 15:18:21", "nomeOrganizacao": "instituto-brasileiro-de-geografia-e-estatistica-ibge"}, {"id": "b3d523dd-93d8-4abb-b1c4-329e4403e7bf", "nome": "idhm-indice-de-desenvolvimento-humano", "title": "Indicadores sobre IDHM - Índice de Desenvolvimento Humano", "dataAtualizacao": "18/08/2016 15:19:01", "nomeOrganizacao": "instituto-brasileiro-de-geografia-e-estatistica-ibge"}, {"id": "93b2740e-329b-4ef6-ab15-0ed59084f78d", "nome": "ensino-tecnico", "title": "Indicadores sobre Ensino Técnico", "dataAtualizacao": "18/08/2016 15:19:15", "nomeOrganizacao": "ministerio-da-educacao-mec"}]');
INSERT INTO apis.api_responses (id, description, data_dictionary, response_example) VALUES (625, 'Cria um conjunto de dados (Exclusivo para administradores de organização) - POST', null, '[]');
INSERT INTO apis.api_responses (id, description, data_dictionary, response_example) VALUES (626, 'Formatos - GET', null, '["", "api", "avro", "bmp", "bpmn", "csc", "csv", "cvc", "cvs", "dat", "data", "doc", "docx", "epub", "gif", "gz", "htlm", "html", "http", "id", "ind", "jpeg", "js", "json", "kml", "kmz", "link", "log", "map", "mpa", "obs", "odata", "odf", "odp", "ods", "odt", "osd", "ots", "owl", "pdf", "pdf/a", "png", "pptx", "qmd", "r", "rar", "rdata", "rdf", "rtf", "shape", "shp", "shx", "sql", "svg", "sxw", "tab", "tiff", "tsv", "ttl", "txt", "url", "web", "wms", "word", "wsdl", "xlm", "xls", "xlsm", "xlsx", "xlxs", "xml", "xps", "xslm", "yaml", "zip", "´xlsx"]');
INSERT INTO apis.api_responses (id, description, data_dictionary, response_example) VALUES (627, 'Resposta de Solicitações (Exclusivo para administradores de organização) - POST', null, '[]');
INSERT INTO apis.api_responses (id, description, data_dictionary, response_example) VALUES (628, 'Consulta de Solicitações - GET', null, '[]');
INSERT INTO apis.api_responses (id, description, data_dictionary, response_example) VALUES (629, 'Salvar Recurso (Exclusivo para administradores de organização) - POST', null, '[]');
INSERT INTO apis.api_responses (id, description, data_dictionary, response_example) VALUES (630, 'Excluir Recurso (Exclusivo para administradores de organização) - DELETE', null, '[]');
INSERT INTO apis.api_responses (id, description, data_dictionary, response_example) VALUES (631, 'Consulta de temas - GET', null, '[{"id": "43fb6eae-c759-40da-9578-84ceb504ef0a", "foto": null, "name": "agricultura-extrativismo-e-pesca", "tags": null, "icone": null, "state": "active", "title": "Agricultura, extrativismo e pesca", "users": null, "nameFoto": null, "packages": null, "atributos": null, "nameIcone": null, "numReusos": null, "description": "Conjuntos de dados relacionados aos temas agricultura, extrativismo e pesca.", "displayName": "Agricultura, extrativismo e pesca", "numFollowers": 0, "packageCount": 9, "iconeDisplayUrl": null, "imageDisplayUrl": "https://portaldadosabertos.dados.gov.br/api/publico/s3/023f1a92-65bc-471c-94c1-fd670d513560.jpg", "usuarioSegueTema": false, "quantidadeOrganizacoes": 0}, {"id": "3f613e98-4450-4b54-a005-a38cd6e79426", "foto": null, "name": "assistencia-e-desenvolvimento-social", "tags": null, "icone": null, "state": "active", "title": "Assistência e Desenvolvimento Social", "users": null, "nameFoto": null, "packages": null, "atributos": null, "nameIcone": null, "numReusos": null, "description": "Conjuntos de dados relacionados aos temas Assistência e Desenvolvimento Social.", "displayName": "Assistência e Desenvolvimento Social", "numFollowers": 0, "packageCount": 36, "iconeDisplayUrl": null, "imageDisplayUrl": "https://dados.gov.br/api/publico/s3/4720d55d-36e0-4bd7-86bb-fb066323fad1.png", "usuarioSegueTema": false, "quantidadeOrganizacoes": 0}, {"id": "5bee8b7a-885e-40f2-89ad-d57f6f89be78", "foto": null, "name": "ciencia-informacao-e-comunicacao", "tags": null, "icone": null, "state": "active", "title": "Ciência, Informação e Comunicação", "users": null, "nameFoto": null, "packages": null, "atributos": null, "nameIcone": null, "numReusos": null, "description": "Conjuntos de dados relacionados aos temas ciência, informação ou comunicação.", "displayName": "Ciência, Informação e Comunicação", "numFollowers": 0, "packageCount": 175, "iconeDisplayUrl": null, "imageDisplayUrl": "https://portaldadosabertos.dados.gov.br/api/publico/s3/42cd8e1d-9ef7-4813-b9e8-792807e00138.jpg", "usuarioSegueTema": false, "quantidadeOrganizacoes": 0}, {"id": "03cdf076-5123-4504-a320-60f16637ff3a", "foto": null, "name": "comercio-servicos-e-turismo", "tags": null, "icone": null, "state": "active", "title": "Comércio, Serviços e Turismo", "users": null, "nameFoto": null, "packages": null, "atributos": null, "nameIcone": null, "numReusos": null, "description": "Conjuntos de dados relacionados aos temas Comércio, Serviços e Turismo.", "displayName": "Comércio, Serviços e Turismo", "numFollowers": 0, "packageCount": 23, "iconeDisplayUrl": null, "imageDisplayUrl": "https://portaldadosabertos.dados.gov.br/api/publico/s3/c722c04d-efb6-4827-a293-e017b5c47557.jpg", "usuarioSegueTema": false, "quantidadeOrganizacoes": 0}, {"id": "c77c26a1-0cd3-4f8d-bb05-27dfaa22db45", "foto": null, "name": "cultura-lazer-e-esporte", "tags": null, "icone": null, "state": "active", "title": "Cultura, Lazer e Esporte", "users": null, "nameFoto": null, "packages": null, "atributos": null, "nameIcone": null, "numReusos": null, "description": "Conjuntos de dados relacionados a cultura, lazer ou esporte.", "displayName": "Cultura, Lazer e Esporte", "numFollowers": 0, "packageCount": 58, "iconeDisplayUrl": null, "imageDisplayUrl": "https://portaldadosabertos.dados.gov.br/api/publico/s3/5db8d97f-3474-46fc-a078-294015eb3b5f.jpg", "usuarioSegueTema": false, "quantidadeOrganizacoes": 0}, {"id": "075d080b-6b6d-425b-8173-1dd334777e0a", "foto": null, "name": "dados-estrategicos", "tags": null, "icone": null, "state": "active", "title": "Dados Estratégicos", "users": null, "nameFoto": null, "packages": null, "atributos": null, "nameIcone": null, "numReusos": null, "description": "Conjuntos de dados destacados pelo dados.gov.br", "displayName": "Dados Estratégicos", "numFollowers": 0, "packageCount": 125, "iconeDisplayUrl": null, "imageDisplayUrl": "https://portaldadosabertos.dados.gov.br/api/publico/s3/6c4130a1-3517-4908-8b2b-24987ea57769.jpg", "usuarioSegueTema": false, "quantidadeOrganizacoes": 0}, {"id": "d3639dfe-2bef-4a77-8c6f-f2dc630f82dc", "foto": null, "name": "defesa-e-seguranca", "tags": null, "icone": null, "state": "active", "title": "Defesa e Segurança", "users": null, "nameFoto": null, "packages": null, "atributos": null, "nameIcone": null, "numReusos": null, "description": "Conjuntos de dados relacionados aos temas Defesa e Segurança.", "displayName": "Defesa e Segurança", "numFollowers": 0, "packageCount": 27, "iconeDisplayUrl": null, "imageDisplayUrl": "https://portaldadosabertos.dados.gov.br/api/publico/s3/029cf272-6b02-4eb4-ae1b-d9609495708a.jpg", "usuarioSegueTema": false, "quantidadeOrganizacoes": 0}, {"id": "af69e4ab-2e26-480a-9f87-5758e4e3bc3b", "foto": null, "name": "economia-e-financas", "tags": null, "icone": null, "state": "active", "title": "Economia e Finanças", "users": null, "nameFoto": null, "packages": null, "atributos": null, "nameIcone": null, "numReusos": null, "description": "Conjuntos de dados relacionados aos temas Economia e Finanças.", "displayName": "Economia e Finanças", "numFollowers": 0, "packageCount": 159, "iconeDisplayUrl": null, "imageDisplayUrl": "https://portaldadosabertos.dados.gov.br/api/publico/s3/ffd54f44-8bd7-493c-91e6-3055dcf5fa0d.jpg", "usuarioSegueTema": false, "quantidadeOrganizacoes": 0}, {"id": "d3167a4d-4b97-4151-88e6-03be4353a33d", "foto": null, "name": "educacao", "tags": null, "icone": null, "state": "active", "title": "Educação", "users": null, "nameFoto": null, "packages": null, "atributos": null, "nameIcone": null, "numReusos": null, "description": "Conjuntos de dados relacionados ao tema Educação.", "displayName": "Educação", "numFollowers": 0, "packageCount": 529, "iconeDisplayUrl": null, "imageDisplayUrl": "https://portaldadosabertos.dados.gov.br/api/publico/s3/796c84d4-e543-489e-a635-583b83908ff8.jpg", "usuarioSegueTema": false, "quantidadeOrganizacoes": 0}, {"id": "4065678f-4e12-4c7c-877d-61a084743325", "foto": null, "name": "energia", "tags": null, "icone": null, "state": "active", "title": "Energia", "users": null, "nameFoto": null, "packages": null, "atributos": null, "nameIcone": null, "numReusos": null, "description": "Conjuntos de dados relacionados ao tema Energia", "displayName": "Energia", "numFollowers": 0, "packageCount": 1, "iconeDisplayUrl": null, "imageDisplayUrl": "https://dados.gov.br/api/publico/s3/91de7ef2-2d59-4b53-a5bf-a203d78a1b83.png", "usuarioSegueTema": false, "quantidadeOrganizacoes": 0}, {"id": "103d7f34-4a1e-484a-8964-07a371b8dbb0", "foto": null, "name": "equipamentos-publicos", "tags": null, "icone": null, "state": "active", "title": "Equipamentos Públicos", "users": null, "nameFoto": null, "packages": null, "atributos": null, "nameIcone": null, "numReusos": null, "description": "Equipamentos Públicos são as instalações e os espaços físicos, públicos ou privados, onde é prestado de forma presencial algum tipo de serviço do poder público à pessoa física ou jurídica.", "displayName": "Equipamentos Públicos", "numFollowers": 0, "packageCount": 17, "iconeDisplayUrl": null, "imageDisplayUrl": "https://portaldadosabertos.dados.gov.br/api/publico/s3/756d478f-2190-4403-8cdb-4176e7aa06f2.jpg", "usuarioSegueTema": false, "quantidadeOrganizacoes": 0}, {"id": "214ec198-9037-4667-947f-f601df979b23", "foto": null, "name": "geografia", "tags": null, "icone": null, "state": "active", "title": "Geografia", "users": null, "nameFoto": null, "packages": null, "atributos": null, "nameIcone": null, "numReusos": null, "description": "Conjuntos de dados com componentes geográficos ou cartográficos.", "displayName": "Geografia", "numFollowers": 0, "packageCount": 6, "iconeDisplayUrl": null, "imageDisplayUrl": "https://portaldadosabertos.dados.gov.br/api/publico/s3/81d4e8a0-63d7-4273-9564-1bad531af17d.jpg", "usuarioSegueTema": false, "quantidadeOrganizacoes": 0}, {"id": "7ce6ac93-7a46-45ab-bf24-dbf7559e1c02", "foto": null, "name": "governo-e-politica", "tags": null, "icone": null, "state": "active", "title": "Governo e Política", "users": null, "nameFoto": null, "packages": null, "atributos": null, "nameIcone": null, "numReusos": null, "description": "Conjuntos de dados relacionados ao macro-assunto [Governo e Política](http://vocab.e.gov.br/2011/03/vcge#governo-politica) no [VCGE](http://vocab.e.gov.br/2011/03/vcge#esquema).", "displayName": "Governo e Política", "numFollowers": 0, "packageCount": 129, "iconeDisplayUrl": null, "imageDisplayUrl": "https://portaldadosabertos.dados.gov.br/api/publico/s3/86e0e365-eb03-4dae-9ee6-4df79668622c.jpg", "usuarioSegueTema": false, "quantidadeOrganizacoes": 0}, {"id": "8eb10fff-70e6-4772-b524-c16d95ed1095", "foto": null, "name": "habitacao-saneamento-e-urbanismo", "tags": null, "icone": null, "state": "active", "title": "Habitação, Saneamento e Urbanismo", "users": null, "nameFoto": null, "packages": null, "atributos": null, "nameIcone": null, "numReusos": null, "description": "Conjuntos de dados relacionados aos temas habitação, saneamento e urbanismo.", "displayName": "Habitação, Saneamento e Urbanismo", "numFollowers": 0, "packageCount": 10, "iconeDisplayUrl": null, "imageDisplayUrl": "https://portaldadosabertos.dados.gov.br/api/publico/s3/d811b8b9-8c79-48eb-a597-9fc6e1a8b2f6.jpg", "usuarioSegueTema": false, "quantidadeOrganizacoes": 0}, {"id": "f3e03abc-0030-45b2-8282-7f2ee768c573", "foto": null, "name": "industria", "tags": null, "icone": null, "state": "active", "title": "Indústria", "users": null, "nameFoto": null, "packages": null, "atributos": null, "nameIcone": null, "numReusos": null, "description": "Conjuntos de dados relacionados ao macro-assunto [Indústria](http://vocab.e.gov.br/2011/03/vcge#industria) no [VCGE](http://vocab.e.gov.br/2011/03/vcge#esquema).", "displayName": "Indústria", "numFollowers": 0, "packageCount": 5, "iconeDisplayUrl": null, "imageDisplayUrl": "https://portaldadosabertos.dados.gov.br/api/publico/s3/0c615aef-c0c9-4a00-aee7-26967362e0b1.jpg", "usuarioSegueTema": false, "quantidadeOrganizacoes": 0}, {"id": "9103232c-6f92-4dd3-966b-db659eb25589", "foto": null, "name": "justica-e-legislacao", "tags": null, "icone": null, "state": "active", "title": "Justiça e Legislação", "users": null, "nameFoto": null, "packages": null, "atributos": null, "nameIcone": null, "numReusos": null, "description": "Conjuntos de dados relacionados aos temas [Justiça e Legislação](http://vocab.e.gov.br/2011/03/vcge#justica-legislacao).", "displayName": "Justiça e Legislação", "numFollowers": 0, "packageCount": 9, "iconeDisplayUrl": null, "imageDisplayUrl": "https://portaldadosabertos.dados.gov.br/api/publico/s3/4784ad17-0005-4540-b15e-656adc56eb74.jpg", "usuarioSegueTema": false, "quantidadeOrganizacoes": 0}, {"id": "be4b8713-f71a-4161-b1d8-177a69af1f7f", "foto": null, "name": "meio-ambiente", "tags": null, "icone": null, "state": "active", "title": "Meio Ambiente", "users": null, "nameFoto": null, "packages": null, "atributos": null, "nameIcone": null, "numReusos": null, "description": "Conjuntos de dados relacionados ao tema meio ambiente.", "displayName": "Meio Ambiente", "numFollowers": 0, "packageCount": 19, "iconeDisplayUrl": null, "imageDisplayUrl": "https://portaldadosabertos.dados.gov.br/api/publico/s3/fbffd64f-ccaf-418d-b087-00822a7f4ee7.jpg", "usuarioSegueTema": false, "quantidadeOrganizacoes": 0}, {"id": "c2b77196-409a-4a71-bebd-1faf1680d70d", "foto": null, "name": "plano-plurianual", "tags": null, "icone": null, "state": "active", "title": "Plano Plurianual", "users": null, "nameFoto": null, "packages": null, "atributos": null, "nameIcone": null, "numReusos": null, "description": "Conjuntos de dados referentes a Planos Plurianuais.\\r\\n\\r\\nO [*Plano Plurianual* (PPA)](https://pt.wikipedia.org/wiki/Plano_plurianual), no Brasil, previsto no artigo 165 da Constituição Federal e regulamentado pelo Decreto 2.829, de 29 de outubro de 1998 [1] é um plano de médio prazo, que estabelece as diretrizes, objetivos e metas a serem seguidos pelo Governo Federal, Estadual ou Municipal ao longo de um período de quatro anos.", "displayName": "Plano Plurianual", "numFollowers": 0, "packageCount": 5, "iconeDisplayUrl": null, "imageDisplayUrl": "https://portaldadosabertos.dados.gov.br/api/publico/s3/46f11e35-b14e-4520-8606-288a02be7e07.jpg", "usuarioSegueTema": false, "quantidadeOrganizacoes": 0}, {"id": "ef5487ee-f685-40e0-945a-f9d94ba0817d", "foto": null, "name": "relacoes-internacionais", "tags": null, "icone": null, "state": "active", "title": "Relações Internacionais", "users": null, "nameFoto": null, "packages": null, "atributos": null, "nameIcone": null, "numReusos": null, "description": "Conjuntos de dados relacionados com o tema [Relações Internacionais](http://vocab.e.gov.br/2011/03/vcge#relacoes-internacionais).", "displayName": "Relações Internacionais", "numFollowers": 0, "packageCount": 9, "iconeDisplayUrl": null, "imageDisplayUrl": "https://portaldadosabertos.dados.gov.br/api/publico/s3/ce8c5048-fb2c-4101-a4fd-17e14d055210.jpg", "usuarioSegueTema": false, "quantidadeOrganizacoes": 0}, {"id": "bd3fc437-b9f8-4789-9b42-3bd8099c7b5d", "foto": null, "name": "saude", "tags": null, "icone": null, "state": "active", "title": "Saúde", "users": null, "nameFoto": null, "packages": null, "atributos": null, "nameIcone": null, "numReusos": null, "description": "Conjuntos de dados relacionados com o tema Saúde.", "displayName": "Saúde", "numFollowers": 0, "packageCount": 520, "iconeDisplayUrl": null, "imageDisplayUrl": "https://portaldadosabertos.dados.gov.br/api/publico/s3/c0b9ab67-fefa-4084-8265-fab3137d04b6.jpg", "usuarioSegueTema": false, "quantidadeOrganizacoes": 0}, {"id": "e4661282-7195-4641-9001-565994142263", "foto": null, "name": "trabalho", "tags": null, "icone": null, "state": "active", "title": "Trabalho", "users": null, "nameFoto": null, "packages": null, "atributos": null, "nameIcone": null, "numReusos": null, "description": "Conjuntos de dados relacionados ao tema [Trabalho](http://vocab.e.gov.br/2011/03/vcge#trabalho).", "displayName": "Trabalho", "numFollowers": 0, "packageCount": 78, "iconeDisplayUrl": null, "imageDisplayUrl": "https://portaldadosabertos.dados.gov.br/api/publico/s3/d4bcdbd8-1234-43b8-90db-31b520f27920.jpg", "usuarioSegueTema": false, "quantidadeOrganizacoes": 0}, {"id": "7dcde570-481b-4b0e-938b-f9f942f73f10", "foto": null, "name": "transportes-e-transito", "tags": null, "icone": null, "state": "active", "title": "Transportes e Trânsito", "users": null, "nameFoto": null, "packages": null, "atributos": null, "nameIcone": null, "numReusos": null, "description": "Conjuntos de dados relacionados ao macro-assunto [Transportes e Trânsito](http://vocab.e.gov.br/2011/03/vcge#transportes-transito) no [VCGE](http://vocab.e.gov.br/2011/03/vcge#esquema \\"Vocabulário Controlado de Governo Eletrônico\\").", "displayName": "Transportes e Trânsito", "numFollowers": 0, "packageCount": 32, "iconeDisplayUrl": null, "imageDisplayUrl": "https://portaldadosabertos.dados.gov.br/api/publico/s3/b08e4614-c0a5-4384-8cef-578c90bac602.jpg", "usuarioSegueTema": false, "quantidadeOrganizacoes": 0}]');
INSERT INTO apis.api_responses (id, description, data_dictionary, response_example) VALUES (632, 'Lista organizações - GET', null, '[{"id": "008945aa-7ac9-4023-b04f-8d57286a7dd6", "nome": "instituto-federal-de-educacao-ciencia-e-tecnologia-do-amazonas-ifam", "titulo": "instituto-federal-de-educacao-ciencia-e-tecnologia-do-amazonas-ifam", "descricao": "A criação dos Institutos Federais de Educação, Ciência e Tecnologia pelo Governo Federal constituiu uma ação de caráter revolucionário no País, tendo como base a Rede Federal de Educação Tecnológica. Os Institutos surgiram com uma proposta de expansão do ensino técnico e tecnológico jamais vista, uma vez que promovem o ensino nos níveis básico, técnico e tecnológico, incluindo programas de formação e qualificação de trabalhadores, licenciaturas e cursos de pós-graduação lato e stricto sensu.\\r\\n\\r\\nAtualmente, o IFAM está estabelecido em 23 municípios, sendo três deles, polos de Educação a Distância em Roraima. No primeiro semestre de 2018, a Instituição já soma 25.768 matrículas, segundo a Plataforma Nilo Peçanha, distribuídos em 162 cursos técnicos presenciais, 68 cursos em EaD, 15 tecnólogos, sete Licenciaturas, cinco Bacharelados, duas especializações Lata Sensu e três Mestrados Profissionais. Além disso, contamos com 1.967 servidores em todo o Estado.", "urlImagem": "https://dados.gov.br/api/publico/s3/cce2f4c4-ee10-4faf-be93-a97bc6b586bd.png", "qtdSeguidores": "0", "organizationUf": "", "organizationEsfera": "", "qtdConjuntoDeDados": "0", "organizationMunicipio": ""}, {"id": "02840def-849e-4bbd-ac98-bfebeecd303d", "nome": "ministerio-da-infraestrutura-minfra", "titulo": "ministerio-da-infraestrutura-minfra", "descricao": "O [Ministério da Infraestrutura](https://www.infraestrutura.gov.br/) é o órgão da administração pública federal direta que tem como áreas de atuação a política nacional de transportes dos modais ferroviário, rodoviário e aquaviário, além de realizar ações no âmbito da marinha mercante, das vias navegáveis e dos portos fluviais e lacustres (excetuados os que estão sob a responsabilidade das companhias docas). O Ministério também possui competência para participar da coordenação dos transportes aeroviários e serviços portuários.\\r\\n\\r\\n\\r\\nAs ações do Ministério abrangem a formulação, coordenação e supervisão das políticas nacionais para o setor, a participação no planejamento estratégico, a elaboração de diretrizes para a sua implementação e a definição das prioridades dos programas de investimentos. Para que o órgão execute suas competências e possa desenvolver programas e projetos, as ações e programas agem como ferramentas que auxiliam o ministério e os órgãos vinculados para as tomadas de decisão que definirão as ações do sistema de transportes do país.", "urlImagem": "https://dados.gov.br/api/publico/s3/ed2cfd95-599a-48fc-9e22-a2408395204d.jpg", "qtdSeguidores": "0", "organizationUf": "", "organizationEsfera": "", "qtdConjuntoDeDados": "131", "organizationMunicipio": ""}, {"id": "028848f3-33e4-4a5f-ad0a-1802113610e3", "nome": "caixa-economica-federal-cef", "titulo": "caixa-economica-federal-cef", "descricao": "Criada, em 1861, a [Caixa](http://www.caixa.gov.br) é, por exemplo, o agente responsável pelo Fundo de Garantia do Tempo de Serviço (FGTS), pelo Programa de Integração Social (PIS) e pelo Seguro-Desemprego. Atua em programas sociais do governo, como o Bolsa Família, FIES e Programa Minha Casa Minha Vida.\\r\\n\\r\\nA Caixa atua na promoção da cidadania e do desenvolvimento sustentável do País, como instituição financeira, agente de políticas públicas e parceira estratégica do Estado brasileiro.", "urlImagem": "https://dados.gov.br/api/publico/s3/575fa092-39b8-400d-8a10-933b6b384eac.gif", "qtdSeguidores": "0", "organizationUf": "", "organizationEsfera": "", "qtdConjuntoDeDados": "1", "organizationMunicipio": ""}, {"id": "05690c77-cf2c-4a9c-bb58-99827b9a9590", "nome": "fundacao-casa-de-rui-barbosa-fcrb", "titulo": "fundacao-casa-de-rui-barbosa-fcrb", "descricao": "A Fundação Casa de Rui Barbosa, FCRB, é uma instituição pública federal, vinculada ao Ministério do Turismo, que oferece um espaço reservado à produção intelectual e à sua difusão, ao ensino, à pesquisa em livros e documentos e à preservação da memória nacional.", "urlImagem": "https://dados.gov.br/api/publico/s3/918e3164-e5f7-4a0d-af05-05a8a6bc402f.png", "qtdSeguidores": "0", "organizationUf": "", "organizationEsfera": "", "qtdConjuntoDeDados": "19", "organizationMunicipio": ""}, {"id": "05739ceb-581b-49aa-b633-bc8f5c05e1b1", "nome": "instituto-federal-de-educacao-ciencia-e-tecnologia-do-acre-ifac", "titulo": "Instituto Federal de Educação, Ciência e Tecnologia do Acre - IFAC", "descricao": "O Instituto Federal do Acre é uma autarquia federal criada pela Lei nº 11.892, de 29 de dezembro de 2008, integrante da Rede Federal de Educação Profissional, Científica e Tecnológica, vinculada ao Ministério da Educação. Os Institutos Federais são instituições de educação superior, básica e profissional, pluricurriculares e multicampi, especializados na oferta de educação profissional e tecnológica nas diferentes modalidades de ensino, com base na conjugação de conhecimentos técnicos e tecnológicos com as suas práticas pedagógicas, conforme disposto na referida norma.\\r\\n\\r\\nA Lei nº 11.892/ 2008 ainda dispõe sobre as finalidades, características, objetivos, estrutura geral dos institutos federais.\\r\\n\\r\\nAtualmente, o IFAC apresenta 6 campi, localizados em 5 municípios do Estado do Acre. São eles:\\r\\n- Campus Cruzeiro do Sul\\r\\n- Campus Rio Branco\\r\\n- Campus Rio Branco Avançado Baixada do Sol\\r\\n- Campus Sena Madureira\\r\\n- Campus Tarauacá\\r\\n- Campus Xapuri", "urlImagem": "https://dados.gov.br/api/publico/s3/e38d204b-d56b-4b60-97f4-3e34ea9b65ee.png", "qtdSeguidores": "0", "organizationUf": "", "organizationEsfera": "", "qtdConjuntoDeDados": "38", "organizationMunicipio": ""}, {"id": "05837375-7752-4999-b7c0-4277a1100309", "nome": "instituto-federal-de-educacao-ciencia-e-tecnologia-do-rio-grande-do-sul-ifrs", "titulo": "instituto-federal-de-educacao-ciencia-e-tecnologia-do-rio-grande-do-sul-ifrs", "descricao": "O Instituto Federal de Educação, Ciência e Tecnologia do Rio Grande do Sul (IFRS) é uma instituição federal de ensino público e gratuito. Atua com uma estrutura multicampi para promover a educação profissional e tecnológica de excelência e impulsionar o desenvolvimento sustentável das regiões.\\r\\n\\r\\nPossui 17 campi: Bento Gonçalves, Canoas, Caxias do Sul, Erechim, Farroupilha, Feliz, Ibirubá, Osório, Porto Alegre, Restinga (Porto Alegre), Rio Grande e Sertão e, em processo de implantação: Alvorada, Rolante, Vacaria, Veranópolis e Viamão. A Reitoria é sediada em Bento Gonçalves.\\r\\n\\r\\nAtualmente, o IFRS conta com cerca de 19 mil alunos, em mais de 200 opções de cursos técnicos e superiores de diferentes modalidades. Oferece também cursos de pós-graduação e dos programas do governo federal e de Formação Inicial Continuada (FIC). Tem aproximadamente 1.020 professores e 950 técnicos-administrativos.\\r\\n\\r\\nConforme dados divulgados em março de 2017, pelo Ministério da Educação (MEC), o IFRS possui conceito quatro no Índice Geral de Cursos (IGC), em uma escala que vai até cinco. O indicador refere-se à avaliação do ano de 2015.\\r\\n\\r\\n##A história##\\r\\n\\r\\nO Instituto Federal de Educação, Ciência e Tecnologia do Rio Grande do Sul (IFRS) foi criado em 29 de dezembro de 2008, pela lei 11.892, que instituiu, no total, 38 Institutos Federais de Educação, Ciência e Tecnologia. Por força de lei, o IFRS é uma autarquia federal vinculada ao Ministério da Educação (MEC). Goza de prerrogativas com autonomia administrativa, patrimonial, financeira, didático-científica e disciplinar. Pertence à Rede Federal de Educação Profissional e Tecnológica.\\r\\n\\r\\nEm sua criação, o IFRS se estruturou a partir da união de três autarquias federais: o Centro Federal de Educação Tecnológica (Cefet) de Bento Gonçalves, a Escola Agrotécnica Federal de Sertão e a Escola Técnica Federal de Canoas. Logo após, incorporaram-se ao instituto dois estabelecimentos vinculados a Universidades Federais: a Escola Técnica Federal da Universidade Federal do Rio Grande do Sul (Ufrgs) e o Colégio Técnico Industrial Prof. Mário Alquati, de Rio Grande. No decorrer do processo, foram federalizadas unidades de ensino técnico nos municípios de Farroupilha, Feliz e Ibirubá e criados os campi de Caxias do Sul, Erechim, Osório e Restinga. Estas instituições hoje fazem parte do IFRS na condição de campi.\\r\\n\\r\\n##Inserção Regional##\\r\\n\\r\\nUm dos objetivos dos institutos federais é definir políticas que atentem para as necessidades e as demandas regionais. Nesse sentido, o IFRS apresenta uma das características mais significativas que enriquecem a sua ação: a diversidade. Os campi atuam em áreas distintas como agropecuária, de serviços, área industrial, vitivinicultura, turismo, moda e outras.\\r\\n\\r\\nPropõem valorizar a educação em todos os seus níveis, contribuir para com o desenvolvimento do ensino, da pesquisa e da extensão, oportunizar de forma mais expressiva as possibilidades de acesso à educação gratuita e de qualidade e fomentar o atendimento a demandas localizadas, com atenção especial às camadas sociais que carecem de oportunidades de formação e de incentivo à inserção no mundo produtivo.\\r\\n \\r\\n##Mestrados##\\r\\n\\r\\nO IFRS oferece dois cursos de mestrado profissional. O mestrado em Informática na Educação, realizado no Campus Porto Alegre, possui as áreas de concentração: Tecnologias Educacionais e Educação na Sociedade em Rede; e as linhas de pesquisa: Tecnologia da Informação Aplicada à Educação e Práxis Educativa na Sociedade Digital. O mestrado em Tecnologia e Engenharia de Materiais tem aulas ofertadas conjuntamente em três campi: Caxias do Sul, Farroupilha e Feliz. A área de concentração é Tecnologia e Engenharia de Materiais; e as linhas de pesquisa: Desenvolvimento de Materiais de Engenharia e Tecnologia da Transformação de Materiais.\\r\\n\\r\\nOs dois cursos foram aprovados pela Coordenação de Aperfeiçoamento em Pessoal de Nível Superior (Capes) no final do ano de 2014 e passaram a ser oferecidos em 2015.", "urlImagem": "https://dados.gov.br/api/publico/s3/2b2bbfac-1f04-482a-ab2c-ba5a49759a72.gif", "qtdSeguidores": "0", "organizationUf": "", "organizationEsfera": "", "qtdConjuntoDeDados": "7", "organizationMunicipio": ""}, {"id": "0615e40b-7164-48af-8f8c-628b64f37816", "nome": "universidade-federal-goias", "titulo": "universidade-federal-goias", "descricao": "A Universidade Federal de Goiás (UFG), código no MEC de número 584, pessoa jurídica de direito público na modalidade de autarquia, criada pela Lei nº 3.834C, de 14 de dezembro de 1960, é uma instituição pública federal de educação superior, com sede em Goiânia, capital do Estado de Goiás, e Câmpus implantados em Goiânia, Cidade de Goiás e Caldas Novas, Firminópolis e Aparecida de Goiânia.\\r\\n\\r\\nMissão: A UFG tem como missão produzir, sistematizar e socializar conhecimentos e saberes, formando profissionais e cidadãos comprometidos com o desenvolvimento da sociedade. \\r\\n\\r\\nFinalidade: A UFG é uma instituição comprometida com a justiça social, os valores democráticos e o desenvolvimento sustentável e, consoante a sua Missão, tem por finalidade produzir, sistematizar e transmitir conhecimentos, ampliando e aprofundando a formação humanística, profissional, crítica e reflexiva, conforme estabelece o Art. 6º de seu Estatuto.", "urlImagem": "https://dados.gov.br/api/publico/s3/befb68e5-5db9-4fd5-96b1-f0870fe954d2.jpg", "qtdSeguidores": "0", "organizationUf": "", "organizationEsfera": "", "qtdConjuntoDeDados": "23", "organizationMunicipio": ""}, {"id": "0670e150-cff5-476b-a618-0537a848b7ed", "nome": "exercito-brasileiro", "titulo": "exercito-brasileiro", "descricao": "Exército Brasileiro (EB) é uma das três Forças Armadas do Brasil, responsável, no plano externo, pela defesa do país em operações eminentemente terrestres e, no interno, pela garantia da lei, da ordem e dos poderes constitucionais. O Comandante Supremo é o Presidente da República. Entre 1808 e 1967, o responsável pela gestão do Exército foi o Ministério da Guerra. De 1967 a 1999, passou a ser denominado Ministério do Exército. Desde 1999, na estrutura do Governo do Brasil, o exército está enquadrado no Ministério da Defesa, ao lado da Marinha e da Força Aérea.\\r\\n\\r\\nMais informações: [verbete na Wikipédia](https://pt.wikipedia.org/wiki/Ex%C3%A9rcito_Brasileiro)\\r\\n\\r\\n### MISSÃO E VISÃO DE FUTURO\\r\\n \\r\\n* Contribuir para a garantia da soberania nacional, dos poderes constitucionais, da lei e da ordem, salvaguardando os interesses nacionais e cooperando com o desenvolvimento nacional e o bem-estar social.\\r\\n* Para isso, preparar a Força Terrestre, mantendo-a em permanente estado de prontidão.\\r\\n\\r\\n#### Visão de Futuro do Exército\\r\\n \\r\\nAté 2022, o processo de transformação do Exército chegará a uma nova doutrina – com o emprego de produtos de defesa tecnologicamente avançados, profissionais altamente capacitados e motivados – para que o exército enfrente, com os meios adequados, os desafios do século XXI, respaldando as decisões soberanas do Brasil no cenário internacional.\\r\\n \\r\\n#### Síntese dos Deveres, Valores e da Ética do Exército\\r\\n\\r\\nPatriotismo – amar à Pátria – História, Símbolos, Tradições e Nação – sublimando a determinação de defender seus interesses vitais com o sacrifício da própria vida.\\r\\n \\r\\nDever – cumprir a legislação e a regulamentação a que estiver submetido, com autoridade, determinação, dignidade e dedicação, assumindo a responsabilidade pelas decisões que tomar.\\r\\n \\r\\nLealdade – cultuar a verdade, sinceridade e sadia camaradagem, mantendo-se fiel aos compromissos assumidos.\\r\\n \\r\\nProbidade – pautar a vida, como soldado e cidadão, pela honradez, honestidade e pelo senso de justiça.\\r\\n \\r\\nCoragem – ter a capacidade de decidir e a iniciativa de implementar a decisão, mesmo com o risco de vida ou de interesses pessoais, no intuito de cumprir o dever, assumindo a responsabilidade por sua atitude.\\r\\n \\r\\n#### Fatores Críticos para o Êxito da Missão do Exército\\r\\n\\r\\n1. Comprometimento com a missão, a visão de futuro e os valores, deveres e a Ética do Exército.\\r\\n \\r\\n2. Coesão, alicerçada na camaradagem e no espírito de corpo, capaz de gerar sinergia para motivar e movimentar a Força na consecução de seus objetivos.\\r\\n \\r\\n3. Liderança que incentive direta ou indiretamente, particularmente pelo exemplo, o homem e as organizações militares para o cumprimento, com determinação, da missão do Exército.\\r\\n \\r\\n4. Qualificação profissional e moral, que desenvolva a autoconfiança, autoestima e motivação dos componentes da Instituição, reforce o poder de dissuasão do Exército e, ainda, contribua para a formação de cidadãos-soldados úteis à sociedade.\\r\\n \\r\\n5. Tecnologia moderna e desenvolvida, buscando reduzir o hiato em relação aos exércitos mais adiantados e a dependência bélica do exterior.\\r\\n \\r\\n \\r\\n6. Equipamento adequado em qualidade e quantidade para conferir, no campo material, o desejado poder de dissuasão à Força Terrestre.\\r\\n \\r\\n \\r\\n7. Adestramento capaz de transformar homem, tropa e comando – desde os escalões elementares – num conjunto harmônico, operativo e determinado no cumprimento de qualquer missão.\\r\\n \\r\\n \\r\\n8. Integração Interforças nas operações combinadas e atividades de cunho administrativo em tempo de paz, compartilhando e otimizando recursos.\\r\\n \\r\\n9. Excelência gerencial, caracterizada pela contínua avaliação, inovação e melhoria da gestão, que resulte na otimização de resultados, seja do emprego de recursos, seja dos processos, produtos e serviços a cargo da Força.\\r\\n \\r\\n \\r\\n10. Integração à Nação, identificando suas necessidades, interpretando seus anseios, comungando de seus ideais e participando de suas realizações, conforme nossa Missão Constitucional ou por meio de Ações Subsidiárias.", "urlImagem": "https://dados.gov.br/api/publico/s3/39d0beb3-995f-4493-a5cc-7d39544f7b22.gif", "qtdSeguidores": "0", "organizationUf": "DF", "organizationEsfera": "1", "qtdConjuntoDeDados": "18", "organizationMunicipio": "Brasília"}, {"id": "0844176f-1146-4687-ae28-049879a9c1b4", "nome": "coordenacao-de-aperfeicoamento-de-pessoal-de-nivel-superior-capes", "titulo": "coordenacao-de-aperfeicoamento-de-pessoal-de-nivel-superior-capes", "descricao": "A Coordenação de Aperfeiçoamento de Pessoal de Nível Superior (Capes), fundação do Ministério da Educação (MEC), desempenha papel fundamental na expansão e consolidação da pós-graduação stricto sensu (mestrado e doutorado) em todos os estados da Federação.\\r\\n\\r\\nEm 2007, passou também a atuar na formação de professores da educação básica ampliando o alcance de suas ações na formação de pessoal qualificado no Brasil e no exterior. \\r\\n\\r\\nAs atividades da Capes podem ser agrupadas nas seguintes linhas de ação, cada qual desenvolvida por um conjunto estruturado de programas:\\r\\n\\r\\n* avaliação da pós-graduação stricto sensu;\\r\\n* acesso e divulgação da produção científica;\\r\\n* investimentos na formação de recursos de alto nível no país e exterior;\\r\\n* promoção da cooperação científica internacional.\\r\\n* indução e fomento da formação inicial e continuada de professores para a educação básica nos formatos presencial e a distância\\r\\n\\r\\nA Capes tem sido decisiva para os êxitos alcançados pelo sistema nacional de pós-graduação, tanto no que diz respeito à consolidação do quadro atual, como na construção das mudanças que o avanço do conhecimento e as demandas da sociedade exigem.\\r\\n\\r\\nO sistema de avaliação, continuamente aperfeiçoado, serve de instrumento para a comunidade universitária na busca de um padrão de excelência acadêmica para os mestrados e doutorados nacionais. Os resultados da avaliação servem de base para a formulação de políticas para a área de pós-graduação, bem como para o dimensionamento das ações de fomento (bolsas de estudo, auxílios, apoios).", "urlImagem": "https://dados.gov.br/api/publico/s3/fdda08fd-70ae-4462-93e6-f16ddd2130a5.png", "qtdSeguidores": "0", "organizationUf": "", "organizationEsfera": "", "qtdConjuntoDeDados": "35", "organizationMunicipio": ""}, {"id": "091f6df0-1c61-45be-9458-ad08ec5a60ec", "nome": "https-www-gov-br-mcom-pt-br", "titulo": "Ministério das Comunicações", "descricao": "", "urlImagem": "https://legado.dados.gov.br/wp/wp-content/uploads/2021/06/download.jpg", "qtdSeguidores": "0", "organizationUf": "", "organizationEsfera": "", "qtdConjuntoDeDados": "22", "organizationMunicipio": ""}, {"id": "092a0be2-5ba0-4f9a-ad17-0293e302e70e", "nome": "ministerio-da-cultura", "titulo": "Ministério da Cultura", "descricao": "O Ministério da Cultura (MinC) é responsável pelo planejamento e pela execução das políticas nacionais de cultura e de artes. Rebaixado à secretaria em 2019, recuperou o status ministerial por meio do Decreto nº 11.336, de 1º de janeiro de 2023. \\r\\n \\r\\nO Ministério da Cultura, órgão da administração pública federal direta, tem como área de competência os seguintes assuntos:\\r\\nI - política nacional de cultura e política nacional das artes; \\r\\nII - proteção do patrimônio histórico, artístico e cultural; \\r\\nIII - regulação dos direitos autorais; \\r\\nIV - assistência ao Ministério do Desenvolvimento Agrário e Agricultura Familiar e ao Instituto Nacional de Colonização e Reforma Agrária - Incra nas ações de regularização fundiária, para garantir a preservação da identidade cultural dos remanescentes das comunidades dos quilombos; \\r\\nV - proteção e promoção da diversidade cultural; \\r\\nVI - desenvolvimento econômico da cultura e a política de economia criativa; \\r\\nVII - desenvolvimento e implementação de políticas e ações de acessibilidade cultural; e \\r\\nVIII - formulação e implementação de políticas, de programas e de ações para o desenvolvimento do setor museal.", "urlImagem": "https://dados.gov.br/api/publico/s3/c59b7aca-2380-4fda-bc42-5d7280ce8635.png", "qtdSeguidores": "0", "organizationUf": "DF", "organizationEsfera": "1", "qtdConjuntoDeDados": "29", "organizationMunicipio": "Brasília"}, {"id": "0a2ede4a-4c54-4303-af0a-6d163e242c15", "nome": "instituto-brasileiro-de-geografia-e-estatistica-ibge", "titulo": "Instituto Brasileiro de Geografia e Estatística - IBGE", "descricao": "## Principais Funções\\r\\nO Instituto Brasileiro de Geografia e Estatística - IBGE se constitui no principal provedor de dados e informações do país, que atendem às necessidades dos mais diversos segmentos da sociedade civil, bem como dos órgãos das esferas governamentais federal, estadual e municipal.\\r\\n\\r\\nO IBGE oferece uma visão completa e atual do País, através do desempenho de suas principais funções:\\r\\n\\r\\n* Coordenação dos Sistemas de Informações Cartográficas e Estatísticas\\r\\n* Produção de Informações Estatísticas\\r\\n* Produção de Informações Geocientíficas\\r\\n* Produção de Informações Censitárias\\r\\n* Produção de Informações Ambientais\\r\\n* Disseminação de Informações\\r\\n* Gestão do Ensino Superior, Pesquisa e Extensão\\r\\n\\r\\n**Nota:** Para além destes 7 grandes processos há, também, no Plano, um grande processo de gestão (Governança Institucional) e 3 grandes processos de suporte (Gestão da Tecnologia da Informação e Comunicação, Gestão Administrativa, Gestão de Pessoas).\\r\\n\\r\\n## Histórico\\r\\nDurante o período imperial, o único órgão com atividades exclusivamente estatísticas era a Diretoria Geral de Estatística, criada em 1871. Com o advento da República, o governo sentiu necessidade de ampliar essas atividades, principalmente depois da implantação do registro civil de nascimentos, casamentos e óbitos.\\r\\n\\r\\nCom o passar do tempo, o órgão responsável pelas estatísticas no Brasil mudou de nome e de funções algumas vezes até 1934, quando foi extinto o Departamento Nacional de Estatística, cujas atribuições passaram aos ministérios competentes.\\r\\n\\r\\nA carência de um órgão capacitado a articular e coordenar as pesquisas estatísticas, unificando a ação dos serviços especializados em funcionamento no País, favoreceu a criação, em 1934, do Instituto Nacional de Estatística - INE, que iniciou suas atividades em 29 de maio de 1936. No ano seguinte, foi instituído o Conselho Brasileiro de Geografia, incorporado ao INE, que passou a se chamar, então, Instituto Brasileiro de Geografia e Estatística.\\r\\n\\r\\nDesde então, o IBGE cumpre a sua missão: identifica e analisa o território, conta a população, mostra como a economia evolui através do trabalho e da produção das pessoas, revelando ainda como elas vivem.\\r\\n\\r\\nFonte: [IBGE - Acesso à Informação](http://acessoainformacao.ibge.gov.br/acesso-a-informacao/institucional/competencias.html)", "urlImagem": "https://dados.gov.br/api/publico/s3/617f900e-eb96-454f-8a99-6f7eb7cb8d22.gif", "qtdSeguidores": "0", "organizationUf": "", "organizationEsfera": "", "qtdConjuntoDeDados": "424", "organizationMunicipio": ""}, {"id": "0a457a01-2693-436e-9a45-048fa570eddb", "nome": "fundacao-universidade-federal-do-abc-ufabc", "titulo": "Fundação Universidade Federal do ABC - UFABC", "descricao": "No ano de 2004 o Ministério da Educação encaminhou ao Congresso Nacional o Projeto de Lei 3962/2004 que previa a criação da Universidade Federal do ABC. Essa Lei foi sancionada pelo Presidente da República e publicada no Diário Oficial da União de 27 de julho de 2005, com o Nº 11.145 e datada de 26 de julho de 2005. O Projeto Acadêmico da UFABC procura levar em conta as mudanças no campo da ciência, propondo uma matriz interdisciplinar, caracterizada pela intercessão de várias áreas do conhecimento científico e tecnológico. O Projeto da Universidade ressalta a importância de uma formação integral, que inclui a visão histórica da nossa civilização e privilegia a capacidade de inserção social no sentido amplo. Além disso, o projeto tem como meta a criação de um ambiente acadêmico favorável ao desenvolvimento social, contribuindo para a busca de soluções para os problemas regionais e nacionais, a partir da cooperação com outras instituições de ensino e pesquisa e instâncias do setor industrial e do poder executivo, legislativo e judiciário.\\r\\n\\r\\nPanorama Local\\r\\n\\r\\nAté a chegada da UFABC em 2005/2006, as sete cidades de região (Santo André, São Bernardo do Campo, São Caetano, Diadema, Mauá, Ribeirão Pires e Rio Grande da Serra) apresentavam uma enorme demanda de vagas no ensino público superior. O ABC possuía mais de 2,5 milhões de habitantes e uma oferta de 45 mil vagas distribuídas em 30 Instituições de Ensino Superior, sendo a grande maioria privada. Dos cerca de 77 mil estudantes matriculados no ensino superior na Região, cerca de 65% estavam em instituições privadas, 20% em municipais e 15% na rede comunitária filantrópica. Com a exceção de uma porcentagem ínfima de instituições que desenvolviam atividades de pesquisa, todas as demais se dedicavam apenas ao ensino. No setor de tecnologia e engenharia poucas apresentavam investimentos em pesquisa aplicada.", "urlImagem": "https://dados.gov.br/api/publico/s3/854506c3-5cb6-4105-9849-bd5dd77fecb2.png", "qtdSeguidores": "0", "organizationUf": "", "organizationEsfera": "", "qtdConjuntoDeDados": "43", "organizationMunicipio": ""}, {"id": "0b553a57-865a-493f-9077-d9cb77edebe6", "nome": "universidade-federal-do-acre-ufac", "titulo": "Universidade Federal do Acre-UFAC", "descricao": "O Centro Universitário do Acre transformou-se em Universidade do Acre no dia 22 de janeiro de 1971, sob o regime de Fundação, sendo integrado pelas Faculdades de Direito e de Ciências Econômicas. A federalização da Universidade do Acre concretizou-se no dia 5 de abril de 1974, por meio da Lei nº 6.025.", "urlImagem": "https://dados.gov.br/api/publico/s3/dd67f7b5-b7d5-4450-bcbb-15cb4ea91fdc.jpg", "qtdSeguidores": "0", "organizationUf": "", "organizationEsfera": "", "qtdConjuntoDeDados": "0", "organizationMunicipio": ""}, {"id": "0bd4adbb-0f45-4630-b58e-d4383b0c2c42", "nome": "ebserh-filial-hospital-universitario-de-santa-maria", "titulo": "ebserh-filial-hospital-universitario-de-santa-maria", "descricao": "O Hospital Universitário de Santa Maria (HUSM) caracteriza-se como um hospital geral, de ensino, público, de nível terciário, que atende de forma integral pelo Sistema Único de Saúde (SUS). Tem por finalidade a formação profissional, desenvolvendo o Ensino, a Pesquisa e a Extensão, por meio da assistência à comunidade na área da saúde.\\r\\nLocalizado no campus da Universidade Federal de Santa Maria, no centro geográfico do estado do Rio Grande do Sul (RS), o HUSM presta serviços assistenciais e serve de campo de prática para alunos de ensino técnico, de graduação e de pós-graduação, dos cursos da área da saúde e outras áreas do conhecimento da Universidade Federal de Santa Maria (UFSM) e outras Instituições de Ensino da região.\\r\\nModelo de Gestão\\r\\nO Hospital vem passando por mudanças, especialmente, após a UFSM ter firmado o Contrato de Gestão Especial Gratuita (Contrato nº 263/2013), com a Empresa Brasileira de Serviços Hospitalares (Ebserh), em 17 de dezembro de 2013. Paulatinamente, a estrutura de governança (Superintendente, Gerentes, Chefes de Divisão, Chefes de Setores e Chefes de Unidades e Assessorias) passou a ser constituída, em consonância com o determinado pela Ebserh.\\r\\nA Ebserh adota como ferramenta de gestão o Plano Diretor Estratégico (PDE) - documento que expressa diretrizes e linhas estratégicas da instituição. Foi implementado no HUSM, como resultado do Curso “Gestão de Hospitais Universitários Federais no SUS” realizado por um grupo de nove Gestores, em 2014, por meio de um convênio estabelecido entre o Instituto Sírio-Libanês de Ensino e Pesquisa (IEP/HSL) e a Ebserh.  O PDE tem o objetivo de nortear o desenvolvimento do hospital na gestão, assistência, ensino e pesquisa, em consonância com as demandas prioritárias de assistência e formação para o Sistema Único de Saúde.\\r\\nEstá firmado um contrato, entre a Secretaria Estadual de Saúde e o HUSM, para a execução de serviços técnico-profissionais especializados, no qual consta metas quantitativas e qualitativas (mensais). Para que receba recursos pelo cumprimento dos serviços à população, necessita cumprir os atendimentos da média e alta complexidade. O Hospital recebe também repasses não regulares dos Ministérios da Educação e da Saúde para seu custeio, dentro do Programa Nacional de Reestruturação dos Hospitais Universitários Federais (REHUF).\\r\\nPerfil assistencial\\r\\nNa assistência ao paciente do Sistema Único de Saúde, o HUSM-UFSM constitui-se como o único hospital público da região centro-oeste do Estado do Rio Grande do Sul. É referência para atendimentos terciários de alta complexidade, pacientes portadores de complicações clínicas ou cirúrgicas, gestantes de alto risco, recém-nascidos e pacientes que necessitam transplantes de rim e de medula óssea.\\r\\nO HUSM compõe a Rede de Urgências e Emergências da Região Centro-Oeste, com suas referências pactuadas. No Setor de Internação, oferece atendimento em mais de 44 especialidades médicas nos 380 leitos disponíveis.\\r\\nNo que diz respeito às políticas do Ministério da Saúde, está inserido na Política Nacional de Humanização (PNH), nas Redes Cegonha e de Urgência e Emergência.\\r\\nO Hospital também está habilitado como Unidade de Alta Complexidade em Oncologia (Unacon), nos Serviços de Radioterapia, Hematologia e Oncologia Pediátrica. Contar com o Centro de Transplante de Medula Óssea (CTMO), que atende pacientes de todo o Rio Grande do Sul. O primeiro transplante de Medula Óssea da instituição foi realizado em 1997. Até 2019, já tinha realizado 314 (trezentos e quatorze) transplantes.\\r\\nO Serviço de Nefrologia - em funcionamento desde 1988 - possui habilitação como Unidade de Alta Complexidade. Realiza todos os métodos dialíticos, com foco em transplantes renais, totalizando 335 (trezentos e trinta e cinco) transplantes até o mês de junho de 2019.\\r\\nAlém dos Transplantes, oferece tratamentos de Câncer em geral, sendo referência para a macrorregião Centro-Oeste no Serviço de Oncologia Pediátrica.\\r\\nO Serviço de Cardiologia está habilitado como Unidade de Assistência de Alta Complexidade Cardiovascular, Cirurgia Cardiovascular e Procedimentos em Cardiologia Intervencionista, Cirurgia Vascular e Procedimentos Endo vasculares Extra cardíacos.\\r\\nO Serviço de Traumatologia possui habilitação como Unidade de Assistência de Alta Complexidade em Traumato-Ortopedia, com foco no atendimento de politraumatizados na emergência e Traumato-Ortopedia.\\r\\nO Hospital, ainda, é habilitado como Centro de Referência de Alta Complexidade em Terapia Nutricional Enteral e Parenteral para a região centro-oeste do Estado.\\r\\nO HUSM possui uma vasta produção técnico-assistencial em diferentes áreas. No ano de 2019, o Hospital contabilizou 16.499 internações; 7.881 procedimentos cirúrgicos realizados no Bloco Cirúrgico; 238.100 consultas ambulatoriais especializadas, sendo 92.199 consultas de outras especialidades não-médicas; 25.508 consultas de emergência; 2.146 partos; 29 transplantes (rins e medula óssea); 852.371 exames laboratoriais e de hemato. No referido ano, os indicadores de produtividade mostraram uma média de permanência hospitalar de 6,45 dias e uma taxa de ocupação hospitalar de 89,0%.\\r\\n\\r\\nModelo assistencial\\r\\nO modelo assistencial do HUSM é centrado no cuidado integral aos usuários, realizado de forma multiprofissional e interdisciplinar, respeitando os princípios de humanização, qualidade e segurança. Com o foco no paciente e familiares. Possui o desafio de implantar a Gestão da Clínica, conforme previsto no planejamento estratégico 2020-2024, busca estruturar o Projetos Terapêuticos Singular, que atendam às necessidades individuais de cada cliente.\\r\\nComo parte da estratégia da organização da assistência, vem implantando as Linhas de Cuidado, desenhadas de forma a assegurar o acesso, a qualidade da assistência e a segurança do paciente sendo elas: Linha do Cuidado Materno Infantil e Linha do Cuidado da hemato oncologia. E seguirá na implantação, conforme diretrizes do Ministério da Saúde.\\r\\nPrograma de Qualidade\\r\\nNa busca pela qualidade na prestação do serviço, o HUSM implementou, em 2006, o Manual de Gerenciamento da Rotina (MGR). O documento é composto, dentre outros itens, pelos Procedimentos Operacionais Padrão (POPs) - Gerais e Específicos - e Instruções de Trabalho (ITs) dos Setores/Unidades do hospital e os Protocolos Assistenciais (Clínicos e de Serviço) - cujo objetivo é gerenciar os processos e organizar os fluxos de trabalho, padronizar as rotinas desenvolvidas pelos serviços. Contribuindo, dessa forma, com a segurança do paciente e do profissional, além de atender à legislação vigente. Até dezembro de 2020, foram elaborados 56 MGRs, 1.735 POPs, 75 ITs, 31 Protocolos Clínicos e 25 de Serviço.\\r\\nO HUSM adota também o Programa EBSERH de Gestão da Qualidade. Finalizou a avaliação interna em todos os serviços com a aplicação de 2.034 Requisitos. O relatório foi disponibilizado para os gestores do hospital e enviado para a Empresa Brasileira de Serviços Hospitalares (EBSERH). A próxima etapa consiste na elaboração de um plano de adequação dos requisitos essenciais não-conformes e, assim, obter o selo bronze de qualidade.\\r\\nInfraestrutura\\r\\nA área física do Hospital é de 30.000 m², em uma estrutura mista horizontal e vertical, que inclui a nova Central de UTIs (UTIs Adulto, Coronariana, pediátrica e Neonatal), que oferta, atualmente, 50 leitos de cuidados intensivos. Também está em fase de conclusão a obra da Central de Laboratórios, com 3.200m2.\\r\\nO Hospital Universitário dispõe de uma ampla área de apoio didático, administrativo e serviços assistenciais, com Ambulatórios, Farmácia Hospitalar, Laboratórios de Apoio e Diagnóstico, além de 370 (trezentos e setenta) leitos operacionais de internação.\\r\\n\\r\\nVisão de futuro\\r\\nSer reconhecido como hospital de ensino público de excelência na formação profissional, na produção do conhecimento e na assistência em saúde.\\r\\nMissão\\r\\nDesenvolver Ensino e Pesquisa de excelência, prestando assistência de qualidade em saúde, com responsabilidade social e ambiental.\\r\\nValores\\r\\n1.\\tTransparência;\\r\\n2.\\tResponsabilidade Social e Ambiental;\\r\\n3.\\tComprometimento;\\r\\n4.\\tÉtica;\\r\\n5.\\tSustentabilidade;\\r\\n6.\\tSegurança e qualidade do trabalho;\\r\\n7.\\tHumanização;\\r\\n8.\\tCompromisso com a atuação integrada e em rede e\\r\\n9.\\tInovação.", "urlImagem": "https://dados.gov.br/api/publico/s3/4ccd3541-f01d-4e74-a6d0-394c6b92fd84.jpg", "qtdSeguidores": "0", "organizationUf": "RS", "organizationEsfera": "1", "qtdConjuntoDeDados": "33", "organizationMunicipio": "Santa Maria"}]');
INSERT INTO apis.api_responses (id, description, data_dictionary, response_example) VALUES (633, 'Detalha uma organização - GET', null, '{"id": "8a92c97c-0b00-42dd-a09a-0cd79cc832a4", "name": null, "nome": "Centro Federal de Educação Tecnológica de Minas Gerais - CEFET-MG", "ativo": "active", "urlFoto": "https://dados.gov.br/api/publico/s3/715da1a7-7bbe-41f7-8425-2ae75e5a552d.jpg", "atributos": {"siorg": "445"}, "descricao": "O CEFET-MG é uma instituição de ensino centenária, com sua origem no Decreto nº 7.566, assinado pelo Presidente Nilo Peçanha, em 23 de Setembro de 1909 e, em 1978 passou a oferecer o Ensino Superior. Durante sua trajetória, o CEFET-MG recebeu diversas denominações:\\r\\n\\r\\n1909 – Escola de Aprendizes Artífices de Minas Gerais\\r\\n1941 – Liceu Industrial de Minas Gerais\\r\\n1942 – Escola Técnica de Belo Horizonte\\r\\n1969 – Escola Técnica Federal de Minas Gerais\\r\\n1978 – Centro Federal de Educação Tecnológica de Minas Gerais\\r\\n\\r\\nEstrutura Multicâmpus\\r\\n\\r\\nO CEFET-MG é a maior instituição de ensino tecnológico do Estado de Minas Gerais, levando às cidades seu ensino qualificado, suprindo a necessidade de mão obra capacitada. Suas unidades estão em áreas com intenso desenvolvimento industrial.\\r\\n1909 – Belo Horizonte\\r\\n1987 – Leopoldina\\r\\n1992 – Araxá\\r\\n1994 – Divinópolis\\r\\n2006 – Timóteo \\r\\n2006 – Varginha\\r\\n2007 – Nepomuceno \\r\\n2010 – Curvelo\\r\\n2012 – Contagem", "displayName": "Centro Federal de Educação Tecnológica de Minas Gerais - CEFET-MG", "quantidadeSeguidores": 2, "quantidadeConjuntoDados": 15}');
INSERT INTO apis.api_responses (id, description, data_dictionary, response_example) VALUES (634, 'Listar inventários - GET', null, '[]');

