-- insert into APIS 
INSERT INTO apis.apis (id, name, description, base_url, documentation, response_type, collection_date, authentication, version, institution_id) VALUES (15, 'SALIC', 'SALIC é um sistema que reúne dados a respeito de propostas de projetos culturais a serem incentivados pelo Ministério da Cultura (MINC) por meio da lei Rouanet.', 'http://api.salic.cultura.gov.br/', 'https://api.salic.cultura.gov.br/doc/', 'JSON', '2023-09-19', 'N', '0.2.1-beta', 11);

-- INSERT INSTITUTIONS
INSERT INTO apis.institutions (id, name, acronym) VALUES (11, 'Ministério da Cultura', 'MinC');

-- INSERT INTO API_ENDPOINTS
INSERT INTO apis.api_endpoints (id, api_id, name, url, description, example, api_responses_id) VALUES (412, 15, 'Projetos Pronac', 'http://api.salic.cultura.gov.br/v1/projetos/{PRONAC}', 'Busca um projeto por meio de seu número PRONAC', 'http://api.salic.cultura.gov.br/v1/projetos/233666', 412);
INSERT INTO apis.api_endpoints (id, api_id, name, url, description, example, api_responses_id) VALUES (413, 15, 'Projetos', 'http://api.salic.cultura.gov.br/v1/projetos/', 'Busca projetos dado uma combinação de valores diversos de pesquisa', 'http://api.salic.cultura.gov.br/v1/projetos/', 413);
INSERT INTO apis.api_endpoints (id, api_id, name, url, description, example, api_responses_id) VALUES (414, 15, 'Projetos Areas', 'http://api.salic.cultura.gov.br/v1/projetos/areas', 'Retorna todas as áreas disponíveis', 'http://api.salic.cultura.gov.br/v1/projetos/areas', 414);
INSERT INTO apis.api_endpoints (id, api_id, name, url, description, example, api_responses_id) VALUES (415, 15, 'Projetos Segmentos', 'http://api.salic.cultura.gov.br/v1/projetos/segmentos', 'Retorna todos os segmentos disponíveis', 'http://api.salic.cultura.gov.br/v1/projetos/segmentos', 415);
INSERT INTO apis.api_endpoints (id, api_id, name, url, description, example, api_responses_id) VALUES (416, 15, 'Propostas', 'http://api.salic.cultura.gov.br/v1/propostas/', 'Busca propostas dado uma combinação de valores diversos de pesquisa', 'http://api.salic.cultura.gov.br/v1/propostas/', 416);
INSERT INTO apis.api_endpoints (id, api_id, name, url, description, example, api_responses_id) VALUES (417, 15, 'Proposta por ID', 'http://api.salic.cultura.gov.br/v1/propostas/{id}/', 'Dados detalhados de uma proposta', 'http://api.salic.cultura.gov.br/v1/propostas/1/', 417);
INSERT INTO apis.api_endpoints (id, api_id, name, url, description, example, api_responses_id) VALUES (418, 15, 'Incentivadores', 'http://api.salic.cultura.gov.br/v1/incentivadores/', 'Busca incentivadores dado uma combinação de valores diversos de pesquisa', 'http://api.salic.cultura.gov.br/v1/incentivadores/', 418);
INSERT INTO apis.api_endpoints (id, api_id, name, url, description, example, api_responses_id) VALUES (419, 15, 'Incentivador por ID', 'http://api.salic.cultura.gov.br/v1/incentivadores/{incentivador_id}', 'Busca incentivadores dado uma combinação de valores diversos de pesquisa', 'http://api.salic.cultura.gov.br/v1/incentivadores/924b95fdd2fccb4c6212a0eb4ec3f7155ecc56a916b4cd8b304862', 419);
INSERT INTO apis.api_endpoints (id, api_id, name, url, description, example, api_responses_id) VALUES (420, 15, 'Doacoes por Incentivador', 'http://api.salic.cultura.gov.br/v1/incentivadores/{incentivador_id}/doacoes', 'Dado o id de um incentivador, retorna informações relativas a todas as doações por ele feitas', 'http://api.salic.cultura.gov.br/v1/incentivadores/924b95fdd2fccb4c6212a0eb4ec3f7155ecc56a916b4cd8b304862/doacoes/', 420);
INSERT INTO apis.api_endpoints (id, api_id, name, url, description, example, api_responses_id) VALUES (421, 15, 'Fornecedores', 'http://api.salic.cultura.gov.br/v1/fornecedores/', 'Busca fornecedores dado uma combinação de valores diversos de pesquisa', 'http://api.salic.cultura.gov.br/v1/fornecedores/', 421);
INSERT INTO apis.api_endpoints (id, api_id, name, url, description, example, api_responses_id) VALUES (422, 15, 'Fornecedor por ID', 'http://api.salic.cultura.gov.br/v1/fornecedores/{fornecedor_id}', 'Busca fornecedores dado uma combinação de valores diversos de pesquisa', 'http://api.salic.cultura.gov.br/v1/fornecedores/6bf85a4fe302cdc962ce2b47dc362cd88b03fd9f00eb1186ff19de1a9d39', 422);
INSERT INTO apis.api_endpoints (id, api_id, name, url, description, example, api_responses_id) VALUES (423, 15, 'Produtos por Fornecedor por ID', 'http://api.salic.cultura.gov.br/v1/fornecedores/{fornecedor_id}/produtos/', 'Dado o id de um fornecedor, retorna informações relativas a todas os ítens ou serviços fornecidos por ele', 'http://api.salic.cultura.gov.br/v1/fornecedores/6bf85a4fe302cdc962ce2b47dc362cd88b03fd9f00eb1186ff19de1a9d39/produtos/', 423);
INSERT INTO apis.api_endpoints (id, api_id, name, url, description, example, api_responses_id) VALUES (424, 15, 'Proponentes', 'http://api.salic.cultura.gov.br/v1/proponentes/', 'Busca proponentes dado uma combinação de valores diversos de pesquisa', 'http://api.salic.cultura.gov.br/v1/proponentes/', 424);
INSERT INTO apis.api_endpoints (id, api_id, name, url, description, example, api_responses_id) VALUES (425, 15, 'Proponente por id ', 'http://api.salic.cultura.gov.br/v1/proponentes/{proponente_id}', 'Busca proponentes dado um id fornecido', 'http://api.salic.cultura.gov.br/v1/proponentes/e27a32606cdbe92f520b05a4b8816565898c55e13cee047f3934cf', 425);

-- INSERT INTO ENDPOINT_PARAMETER
INSERT INTO apis.endpoint_parameters (id, endpoints_id, parameter_id, required) VALUES (2529, 412, 939, 'S');
INSERT INTO apis.endpoint_parameters (id, endpoints_id, parameter_id, required) VALUES (2530, 412, 940, 'N');
INSERT INTO apis.endpoint_parameters (id, endpoints_id, parameter_id, required) VALUES (2531, 413, 941, 'N');
INSERT INTO apis.endpoint_parameters (id, endpoints_id, parameter_id, required) VALUES (2532, 413, 942, 'N');
INSERT INTO apis.endpoint_parameters (id, endpoints_id, parameter_id, required) VALUES (2533, 413, 939, 'N');
INSERT INTO apis.endpoint_parameters (id, endpoints_id, parameter_id, required) VALUES (2534, 413, 943, 'N');
INSERT INTO apis.endpoint_parameters (id, endpoints_id, parameter_id, required) VALUES (2535, 413, 944, 'N');
INSERT INTO apis.endpoint_parameters (id, endpoints_id, parameter_id, required) VALUES (2536, 413, 945, 'N');
INSERT INTO apis.endpoint_parameters (id, endpoints_id, parameter_id, required) VALUES (2537, 413, 946, 'N');
INSERT INTO apis.endpoint_parameters (id, endpoints_id, parameter_id, required) VALUES (2538, 413, 947, 'N');
INSERT INTO apis.endpoint_parameters (id, endpoints_id, parameter_id, required) VALUES (2539, 413, 948, 'N');
INSERT INTO apis.endpoint_parameters (id, endpoints_id, parameter_id, required) VALUES (2540, 413, 949, 'N');
INSERT INTO apis.endpoint_parameters (id, endpoints_id, parameter_id, required) VALUES (2541, 413, 950, 'N');
INSERT INTO apis.endpoint_parameters (id, endpoints_id, parameter_id, required) VALUES (2542, 413, 951, 'N');
INSERT INTO apis.endpoint_parameters (id, endpoints_id, parameter_id, required) VALUES (2543, 413, 952, 'N');
INSERT INTO apis.endpoint_parameters (id, endpoints_id, parameter_id, required) VALUES (2544, 413, 953, 'N');
INSERT INTO apis.endpoint_parameters (id, endpoints_id, parameter_id, required) VALUES (2545, 413, 954, 'N');
INSERT INTO apis.endpoint_parameters (id, endpoints_id, parameter_id, required) VALUES (2546, 413, 955, 'N');
INSERT INTO apis.endpoint_parameters (id, endpoints_id, parameter_id, required) VALUES (2547, 413, 956, 'N');
INSERT INTO apis.endpoint_parameters (id, endpoints_id, parameter_id, required) VALUES (2548, 413, 957, 'N');
INSERT INTO apis.endpoint_parameters (id, endpoints_id, parameter_id, required) VALUES (2549, 413, 940, 'N');
INSERT INTO apis.endpoint_parameters (id, endpoints_id, parameter_id, required) VALUES (2550, 416, 941, 'N');
INSERT INTO apis.endpoint_parameters (id, endpoints_id, parameter_id, required) VALUES (2551, 416, 942, 'N');
INSERT INTO apis.endpoint_parameters (id, endpoints_id, parameter_id, required) VALUES (2552, 416, 946, 'N');
INSERT INTO apis.endpoint_parameters (id, endpoints_id, parameter_id, required) VALUES (2553, 416, 951, 'N');
INSERT INTO apis.endpoint_parameters (id, endpoints_id, parameter_id, required) VALUES (2554, 416, 952, 'N');
INSERT INTO apis.endpoint_parameters (id, endpoints_id, parameter_id, required) VALUES (2555, 416, 940, 'N');
INSERT INTO apis.endpoint_parameters (id, endpoints_id, parameter_id, required) VALUES (2556, 417, 958, 'S');
INSERT INTO apis.endpoint_parameters (id, endpoints_id, parameter_id, required) VALUES (2557, 417, 940, 'N');
INSERT INTO apis.endpoint_parameters (id, endpoints_id, parameter_id, required) VALUES (2558, 418, 941, 'N');
INSERT INTO apis.endpoint_parameters (id, endpoints_id, parameter_id, required) VALUES (2559, 418, 942, 'N');
INSERT INTO apis.endpoint_parameters (id, endpoints_id, parameter_id, required) VALUES (2560, 418, 946, 'N');
INSERT INTO apis.endpoint_parameters (id, endpoints_id, parameter_id, required) VALUES (2561, 418, 959, 'N');
INSERT INTO apis.endpoint_parameters (id, endpoints_id, parameter_id, required) VALUES (2562, 418, 945, 'N');
INSERT INTO apis.endpoint_parameters (id, endpoints_id, parameter_id, required) VALUES (2563, 418, 960, 'N');
INSERT INTO apis.endpoint_parameters (id, endpoints_id, parameter_id, required) VALUES (2564, 418, 949, 'N');
INSERT INTO apis.endpoint_parameters (id, endpoints_id, parameter_id, required) VALUES (2565, 418, 961, 'N');
INSERT INTO apis.endpoint_parameters (id, endpoints_id, parameter_id, required) VALUES (2566, 418, 939, 'N');
INSERT INTO apis.endpoint_parameters (id, endpoints_id, parameter_id, required) VALUES (2567, 418, 957, 'N');
INSERT INTO apis.endpoint_parameters (id, endpoints_id, parameter_id, required) VALUES (2568, 418, 940, 'N');
INSERT INTO apis.endpoint_parameters (id, endpoints_id, parameter_id, required) VALUES (2569, 419, 959, 'S');
INSERT INTO apis.endpoint_parameters (id, endpoints_id, parameter_id, required) VALUES (2570, 419, 940, 'N');
INSERT INTO apis.endpoint_parameters (id, endpoints_id, parameter_id, required) VALUES (2571, 420, 959, 'S');
INSERT INTO apis.endpoint_parameters (id, endpoints_id, parameter_id, required) VALUES (2572, 420, 941, 'N');
INSERT INTO apis.endpoint_parameters (id, endpoints_id, parameter_id, required) VALUES (2573, 420, 942, 'N');
INSERT INTO apis.endpoint_parameters (id, endpoints_id, parameter_id, required) VALUES (2574, 420, 940, 'N');
INSERT INTO apis.endpoint_parameters (id, endpoints_id, parameter_id, required) VALUES (2575, 421, 946, 'N');
INSERT INTO apis.endpoint_parameters (id, endpoints_id, parameter_id, required) VALUES (2576, 421, 962, 'N');
INSERT INTO apis.endpoint_parameters (id, endpoints_id, parameter_id, required) VALUES (2577, 421, 945, 'N');
INSERT INTO apis.endpoint_parameters (id, endpoints_id, parameter_id, required) VALUES (2578, 421, 939, 'N');
INSERT INTO apis.endpoint_parameters (id, endpoints_id, parameter_id, required) VALUES (2579, 421, 941, 'N');
INSERT INTO apis.endpoint_parameters (id, endpoints_id, parameter_id, required) VALUES (2580, 421, 942, 'N');
INSERT INTO apis.endpoint_parameters (id, endpoints_id, parameter_id, required) VALUES (2581, 421, 940, 'N');
INSERT INTO apis.endpoint_parameters (id, endpoints_id, parameter_id, required) VALUES (2582, 422, 962, 'S');
INSERT INTO apis.endpoint_parameters (id, endpoints_id, parameter_id, required) VALUES (2583, 422, 940, 'N');
INSERT INTO apis.endpoint_parameters (id, endpoints_id, parameter_id, required) VALUES (2584, 423, 962, 'S');
INSERT INTO apis.endpoint_parameters (id, endpoints_id, parameter_id, required) VALUES (2585, 423, 941, 'N');
INSERT INTO apis.endpoint_parameters (id, endpoints_id, parameter_id, required) VALUES (2586, 423, 942, 'N');
INSERT INTO apis.endpoint_parameters (id, endpoints_id, parameter_id, required) VALUES (2587, 423, 940, 'N');
INSERT INTO apis.endpoint_parameters (id, endpoints_id, parameter_id, required) VALUES (2588, 424, 941, 'N');
INSERT INTO apis.endpoint_parameters (id, endpoints_id, parameter_id, required) VALUES (2589, 424, 942, 'N');
INSERT INTO apis.endpoint_parameters (id, endpoints_id, parameter_id, required) VALUES (2590, 424, 946, 'N');
INSERT INTO apis.endpoint_parameters (id, endpoints_id, parameter_id, required) VALUES (2591, 424, 945, 'N');
INSERT INTO apis.endpoint_parameters (id, endpoints_id, parameter_id, required) VALUES (2592, 424, 944, 'N');
INSERT INTO apis.endpoint_parameters (id, endpoints_id, parameter_id, required) VALUES (2593, 424, 960, 'N');
INSERT INTO apis.endpoint_parameters (id, endpoints_id, parameter_id, required) VALUES (2594, 424, 949, 'N');
INSERT INTO apis.endpoint_parameters (id, endpoints_id, parameter_id, required) VALUES (2595, 424, 961, 'N');
INSERT INTO apis.endpoint_parameters (id, endpoints_id, parameter_id, required) VALUES (2596, 424, 957, 'N');
INSERT INTO apis.endpoint_parameters (id, endpoints_id, parameter_id, required) VALUES (2597, 424, 940, 'N');
INSERT INTO apis.endpoint_parameters (id, endpoints_id, parameter_id, required) VALUES (2598, 425, 944, 'S');
INSERT INTO apis.endpoint_parameters (id, endpoints_id, parameter_id, required) VALUES (2599, 425, 940, 'N');


-- INSERT INTO PARAMETERS
INSERT INTO apis.parameters (id, name, type, formart, description) VALUES (939, 'PRONAC ', 'STRING', null, 'Número do PRONAC');
INSERT INTO apis.parameters (id, name, type, formart, description) VALUES (940, 'format', 'STRING', null, 'Formato de retorno');
INSERT INTO apis.parameters (id, name, type, formart, description) VALUES (941, 'limit', 'INTEGER', null, 'Número de projetos a serem retornados');
INSERT INTO apis.parameters (id, name, type, formart, description) VALUES (942, 'offset', 'INTEGER', null, 'Número de paginação de resultados');
INSERT INTO apis.parameters (id, name, type, formart, description) VALUES (943, 'proponente', 'STRING', null, 'Nome do proponente do projeto (valor exato ou parcial)');
INSERT INTO apis.parameters (id, name, type, formart, description) VALUES (944, 'proponente_id', 'STRING', null, 'id de identificacao do proponente');
INSERT INTO apis.parameters (id, name, type, formart, description) VALUES (945, 'cgccpf', 'STRING', null, 'Cgc/Cpf do proponente');
INSERT INTO apis.parameters (id, name, type, formart, description) VALUES (946, 'nome', 'STRING', null, 'Nome do projeto (valor exato ou parcial)');
INSERT INTO apis.parameters (id, name, type, formart, description) VALUES (947, 'area', 'STRING', null, 'Código da Área do projeto');
INSERT INTO apis.parameters (id, name, type, formart, description) VALUES (948, 'segmento', 'STRING', null, 'Código do Segmento do projeto');
INSERT INTO apis.parameters (id, name, type, formart, description) VALUES (949, 'UF', 'STRING', 'EE', 'Estado de origem');
INSERT INTO apis.parameters (id, name, type, formart, description) VALUES (950, 'ano_projeto', 'STRING', 'Formato AA', 'Ano em que o projeto foi apresentado em dois dígitos');
INSERT INTO apis.parameters (id, name, type, formart, description) VALUES (951, 'data_inicio', 'STRING', 'formato AAAA-MM-DD', 'Data de início');
INSERT INTO apis.parameters (id, name, type, formart, description) VALUES (952, 'data_termino', 'STRING', 'formato AAAA-MM-DD', 'Data de finalização');
INSERT INTO apis.parameters (id, name, type, formart, description) VALUES (953, 'data_inicio_min', 'STRING', 'formato AAAA-MM-DD', 'Data de início mínimo');
INSERT INTO apis.parameters (id, name, type, formart, description) VALUES (954, 'data_inicio_max', 'STRING', 'formato AAAA-MM-DD', 'Data de início máximo');
INSERT INTO apis.parameters (id, name, type, formart, description) VALUES (955, 'data_termino_min', 'STRING', 'formato AAAA-MM-DD', 'Data de término mínimo');
INSERT INTO apis.parameters (id, name, type, formart, description) VALUES (956, 'data_termino_max', 'STRING', 'formato AAAA-MM-DD', 'Data de término máximo');
INSERT INTO apis.parameters (id, name, type, formart, description) VALUES (957, 'sort', 'STRING', null, 'Ordenar a busca por um dos campos : PRONAC, ano_projeto, data_inicio, data_termino, valor_solicitado, outras_fontes, valor_captado, valor_proposta, valor_aprovado, valor_projeto. Formato: sort=CAMPO ou sort=CAMPO:asc ou ainda sort=CAMPO:desc. Padrão : ano_projeto:desc');
INSERT INTO apis.parameters (id, name, type, formart, description) VALUES (958, 'proposta_id', 'STRING', null, 'id da proposta');
INSERT INTO apis.parameters (id, name, type, formart, description) VALUES (959, 'Incentivador_id', 'STRING', null, 'id de identificacao do incentivador');
INSERT INTO apis.parameters (id, name, type, formart, description) VALUES (960, 'municipio', 'STRING', null, 'Cidade do incentivador (valor exato ou parcial)');
INSERT INTO apis.parameters (id, name, type, formart, description) VALUES (961, 'tipo_pessoa', 'STRING', null, 'Tipo de pessoa');
INSERT INTO apis.parameters (id, name, type, formart, description) VALUES (962, 'fornecedor_id', 'STRING', null, 'id de identificacao do fornecedor');


-- INSERT INTO API_RESPONSES
INSERT INTO apis.api_responses (id, description, metadata, data_dictionary, response_example) VALUES (412, 'Busca um projeto por meio de seu número PRONAC', null, null, '{"UF": "RJ", "area": "Humanidades", "nome": "VIRANDO OURO NAS REDES", "etapa": "PRE PRODUÇÃO - 30 DIAS: Contratação de profissionais que irão ministrar o curso, inscrições de alunos, orçamentos e compra de materias EXECUÇÃO: 180 DIAS: OFICINA 1 - Manifestações artisticas nas redes sociais: Plano de aula:&gt; 1)Introdução às redes sociais (Aula expositiva). Operação de de aplicativos (Aula Pratica) - OFICINA 2: Transformando Arte em profissão: Plano de aula 1( contar historias na internet). PÓS PRODUÇÃO - 30 DIAS: Prestação de contas ao Ministerio da Cultura.", "PRONAC": "233666", "_links": {"self": "http://api.salic.cultura.gov.br/v1/projetos/233666", "proponente": "http://api.salic.cultura.gov.br/v1/proponentes/523f817e26f95bf57701b4f1e7c775d1ac373f20065f2c128908cabf5b33", "fornecedores": "http://api.salic.cultura.gov.br/v1/fornecedores/?PRONAC=233666", "incentivadores": "http://api.salic.cultura.gov.br/v1/incentivadores/?PRONAC=233666"}, "cgccpf": "20884026000157", "resumo": "Formar e capacitar jovens e adultos tendo como foco quatro eixos tematicos comunicação, empreenddorismo, audiovisual e artistico a oficina será ministrada em oito meses com duas turmas com cerca de 40 alunos totalizando 80 jovens e adultos.", "sinopse": "Não se aplica ao projeto.", "segmento": "Ações de formação capacitação treinamento pessoal", "situacao": "Projeto em avaliação documental", "_embedded": {"captacoes": [], "divulgacao": [], "prorrogacao": [], "deslocamento": [], "distribuicao": [], "readequacoes": [], "marcas_anexadas": [], "relatorio_fisco": [], "relacao_pagamentos": [], "certidoes_negativas": [], "documentos_anexados": [], "relacao_bens_captal": []}, "mecanismo": "Mecenato", "municipio": "Niterói", "objetivos": "Objetivo Geral - O projeto tem como objetivo principal promover o desenvolvimento local integrado de comunidades com baixos indices de desenvolvimento humano carentes de ações sociais, culturais economicas, dar formação completa em empreendorismo artistico. Objetivo Especifico: A formação será realizada a partir de aulas expositivas, praticas e palestras com especialistas/referências em empreendorismo artistico, produção audivisual e marketing digital. Formação de agentes multiplicadores de informação.", "proponente": "INSTITUTO VIRADOURO PEDRO LEON MONASSA BESSIL", "ano_projeto": "23", "data_inicio": "2023-10-01", "providencia": "Proposta transformada em projeto e encaminhado para assinatura.", "data_termino": "2024-05-30", "enquadramento": "Artigo 26", "ficha_tecnica": "O DIRIGENTE DA INSTITUIÇÃO: É o responsavel pela gestão do projeto.Vai atuar na contratação de equipes de apoio, na definição dos orçamentos, no cronograma de trabalho e captação de recursos. O trabalho é voluntario não remunerado.COORDENAÇÃO GERAL: PAULA SANTANA - Iyalorixá idealizadora e presidente do Instituto Ose Dudú, presidente do Afoxé Omó Ifá Rio de Janeiro, vice presidente do IITAB (Instituto Irê de Tradições Afro-Brasileiras), Ativista, Palestrante, graduando em serviços social (Unopar), jornalista e colunista do Axé News e pesquisadora do Grupo Africanias da Escola de Música da UFRJ. PRODUTORA - PATRICIA HANNA - Pós graduanda em Gestão e Produção Cultural com experiencias profissionais que se articulam no campo da produção de eventos socioculturais, especialmente na area de literatura, e do marketing digital. COORDENAÇÃO DE PROJETOS: RAPHA LIMA COSTA - Pesquisador de Cultura e sociedade. Especialista em monitoramento de redes sociais (social listening) e netnografia. Analista de dados sênior. Curador de conhecimento. COORDENADOR DO PROJETO: RAPHAEL SILVA BARBOSA DE FARIA: Profissional de Midia, produtor com experiencia em marketing, publicidade, promoções e produção cultural, aplicativos office e sofwares e de gerencia de projetos.", "justificativa": "Durante a pandemia da COVID 19, foi observado entre os anos de 2020 e 2021 a mudança da forma com que os diferentes mercados se relacionam com seu público, dentre elas, podemos destacar o mercado das artes, que segundo pesquisas, durante a pandemis teve um crescimento de 46% em relação ao ano de 2019. Alguns especialistas apontam que esse crescimento se deve à crescente onda de vendas de obras artisticas pela internet. Também foi na pandemia que observamos artistas emergentes a crescer, impulsionados, pelas redes sociais. Pensando nesse panorama e no crescente mercado de venda de obras artisticas na internet e como podemos contribuir para artistas que não residem nos grandes centros urbanos. O mecanismo de Incentivo a Projetos Culturais na proposta 393.704 é importante na formação completa em empreendedorismo artístico e cultural.", "outras_fontes": 0, "valor_captado": 0, "valor_projeto": 0, "acessibilidade": "Acessibilidade Física: Na quadra da Unidos do Viradouro onde será realizado a oficina é adaptada as necessidades de portadores com deficiencia fisica e necessidades especiais é dotada de rampas, banheiro acessivel para facilitar o acesso de todos. Acessibilidade de Conteudo: Durante a realização da oficina haverá um interprete de libras para pessoas que desconhecem às linguagens de conteudos.", "democratizacao": "Democratização de acesso: Todas as vagas das oficinas serão gratuitas com carater social para comunidade. Ampliação de acesso: Art. 28 da IN nº01/2023 I-Doar 10% (dez por cento) dos produtos resultantes da execução do projeto para distribuição gratuita com carater social. IV-Disponibilizar, na internet, registros audiovisuais dos espetaculos, das exposições das atividades de ensino e de outros eventos referente a produção principal. VI-Realizar, gratuitamente, atividades paralelas aos projetos, tais como ensaios abertos, estagios, cursos, treinamentos, palestras, exposições, mostras e oficinas; X-Rodas de conversas", "valor_aprovado": 0, "valor_proposta": 945172.8, "valor_solicitado": 945172.8, "impacto_ambiental": "", "estrategia_execucao": "Todas as informações foram abordadas nos campos anteriores.", "especificacao_tecnica": "Não se aplica ao projeto."}');
INSERT INTO apis.api_responses (id, description, metadata, data_dictionary, response_example) VALUES (413, 'Busca projetos dado uma combinação de valores diversos de pesquisa', null, null, '{"count": 100, "_embedded": {"projetos": [{"UF": "PR", "area": "Humanidades", "nome": "19ª FEIRA INTERNACIONAL DO LIVRO DE FOZ DO IGUACU", "etapa": "Pré-Produção – (180 dias) - Formatação, contato com curadoria e conteúdos a serem explorados - Definição de estratégias de atuação dentro dos objetivos pretendidos - Elaboração de contratos  - Con", "PRONAC": "234004", "_links": {"self": "http://api.salic.cultura.gov.br/v1/projetos/234004", "proponente": "http://api.salic.cultura.gov.br/v1/proponentes/83d06c21d2c02783caaecab11643bbb78c5e365c9d5dc1a7eb824f0a82de", "fornecedores": "http://api.salic.cultura.gov.br/v1/fornecedores/?PRONAC=234004", "incentivadores": "http://api.salic.cultura.gov.br/v1/incentivadores/?PRONAC=234004"}, "cgccpf": "75431437000189", "resumo": "Realizar a 19ª Feira Internacional do Livro de Foz do Iguaçu. O projeto acontece desde 2004 na tríplice fronteira brasileira, e conta com participações de escritores de destaque no cenário nacional e internacional.", "sinopse": "Realização do evento anual, organizado pela Prefeitura Municipal em parceria com o setor do comércio do livro e outras instituições públicas e privadas de interesse como: governo estadual, universidades, agências de desenvolvimento, entre outras.  O formato do evento permite a comercialização de livros e outros itens, somado às atrações de caráter cultural e educacional. Também é ambiente de convergência de ações diversas de caráter público ou privado que contribuem para a realização dos objetivos descritos.  Por se tratar de uma ação que envolve múltiplas secretarias da prefeitura e outras instituições, anualmente, a Prefeitura instituiu uma comissão organizadora responsável pelo evento, sendo a Fundação Cultural incumbida de liderar a tarefa.", "segmento": "Festival literário", "situacao": "Projeto em avaliação documental", "mecanismo": "Mecenato", "municipio": "Foz do Iguaçu", "objetivos": "Objetivos gerais PRODUTO 01 - 19º FEIRA INTERNACIONAL DO LIVRO DE FOZ DO IGUAÇU O projeto realiza a 19ª Feira Internacional do Livro de Foz do Iguaçu, com presença de autores de grande porte naciona", "proponente": "Fundação Cultural Foz do Iguaçu - PR", "ano_projeto": "23", "data_inicio": "2024-03-01", "providencia": "Proposta transformada em projeto e encaminhado para assinatura.", "data_termino": "2024-08-31", "enquadramento": "Artigo 18", "ficha_tecnica": "FICHA TECNICA:  Fundação Cultural - PROPONENTE - Coordenação Geral de Produção e IdealizaçãoINTEGRAM A EQUIPE DE COORDENAÇÃO E ORGANIZAÇÃO GERAL DO EVENTO - Profissionais da Fundação Cultural propone", "justificativa": "A Feira Internacional do Livro de Foz do Iguaçu, acontece desde 2004 e nasceu de uma iniciativa do Centro de Altos Estudos da Conscienciologia (CEAEC). Inicialmente era uma pequena feira que reunia li", "outras_fontes": 0, "valor_captado": 0, "valor_projeto": 0, "acessibilidade": "PRODUTO 1 - Feira Literária ACESSIBILIDADE NO ASPECTO ARQUITETÔNICO: rampas e banheiros adaptados ACESSIBILIDADE PARA DEFICIENTES VISUAIS: Audiodescrição nas rodas de conversa com os autores ACESSI", "democratizacao": "Toda programação será gratuita ao público", "valor_aprovado": 0, "valor_proposta": 1490494.5, "valor_solicitado": 1490494.5, "impacto_ambiental": "", "estrategia_execucao": "O proponente não receberá por nenhum cargo a ser executado por ele, tendo a execução de alguns serviços prestados a partir de quadro profissional da própria Fundação Cultural.", "especificacao_tecnica": "PRODUTO 01 - 19º FEIRA INTERNACIONAL DO LIVRO DE FOZ DO IGUAÇU Feira interncional do Livro de Foz do Iguaçu, evento que anualmente recebe mais de 100 mil visitantes promovendo a leitura por meio de a"}]}}');
INSERT INTO apis.api_responses (id, description, metadata, data_dictionary, response_example) VALUES (414, 'Retorna todas as áreas disponíveis', null, null, '{"_links": {"self": "http://api.salic.cultura.gov.br/v1/projetos/areas/"}, "_embedded": {"areas": [{"nome": "Artes Cênicas", "_links": {"self": "http://api.salic.cultura.gov.br/v1/projetos/?area=1"}, "codigo": "1"}, {"nome": "Audiovisual", "_links": {"self": "http://api.salic.cultura.gov.br/v1/projetos/?area=2"}, "codigo": "2"}, {"nome": "Música", "_links": {"self": "http://api.salic.cultura.gov.br/v1/projetos/?area=3"}, "codigo": "3"}, {"nome": "Artes Visuais", "_links": {"self": "http://api.salic.cultura.gov.br/v1/projetos/?area=4"}, "codigo": "4"}, {"nome": "Patrimônio Cultural", "_links": {"self": "http://api.salic.cultura.gov.br/v1/projetos/?area=5"}, "codigo": "5"}, {"nome": "Humanidades", "_links": {"self": "http://api.salic.cultura.gov.br/v1/projetos/?area=6"}, "codigo": "6"}, {"nome": "Artes Integradas", "_links": {"self": "http://api.salic.cultura.gov.br/v1/projetos/?area=7"}, "codigo": "7"}, {"nome": "Museus e Memória", "_links": {"self": "http://api.salic.cultura.gov.br/v1/projetos/?area=9"}, "codigo": "9"}]}}');
INSERT INTO apis.api_responses (id, description, metadata, data_dictionary, response_example) VALUES (415, 'Retorna todos os segmentos disponíveis', null, null, '{"_links": {"self": "http://api.salic.cultura.gov.br/v1/projetos/segmentos/"}, "_embedded": {"segmentos": [{"nome": "Teatro", "_links": {"self": "http://api.salic.cultura.gov.br/v1/projetos/?segmento=11"}, "codigo": "11"}, {"nome": "Dança", "_links": {"self": "http://api.salic.cultura.gov.br/v1/projetos/?segmento=12"}, "codigo": "12"}, {"nome": "Circo", "_links": {"self": "http://api.salic.cultura.gov.br/v1/projetos/?segmento=13"}, "codigo": "13"}, {"nome": "Ópera", "_links": {"self": "http://api.salic.cultura.gov.br/v1/projetos/?segmento=14"}, "codigo": "14"}, {"nome": "Mímica", "_links": {"self": "http://api.salic.cultura.gov.br/v1/projetos/?segmento=15"}, "codigo": "15"}, {"nome": "Ópera Rock", "_links": {"self": "http://api.salic.cultura.gov.br/v1/projetos/?segmento=16"}, "codigo": "16"}, {"nome": "Ações de capacitação e treinamento de pessoal", "_links": {"self": "http://api.salic.cultura.gov.br/v1/projetos/?segmento=17"}, "codigo": "17"}, {"nome": "Teatro de formas animadas", "_links": {"self": "http://api.salic.cultura.gov.br/v1/projetos/?segmento=18"}, "codigo": "18"}, {"nome": "Teatro de mamulengos", "_links": {"self": "http://api.salic.cultura.gov.br/v1/projetos/?segmento=19"}, "codigo": "19"}, {"nome": "Teatro de  bonecos e congêneres", "_links": {"self": "http://api.salic.cultura.gov.br/v1/projetos/?segmento=1A"}, "codigo": "1A"}, {"nome": "Desfile de  escola de samba", "_links": {"self": "http://api.salic.cultura.gov.br/v1/projetos/?segmento=1B"}, "codigo": "1B"}, {"nome": "Desfile de bloco carnavalesco", "_links": {"self": "http://api.salic.cultura.gov.br/v1/projetos/?segmento=1C"}, "codigo": "1C"}, {"nome": "Desfile de  cortejo da cultura popular ", "_links": {"self": "http://api.salic.cultura.gov.br/v1/projetos/?segmento=1D"}, "codigo": "1D"}, {"nome": "Construção de salas de teatro munic(< 100 mil hab)", "_links": {"self": "http://api.salic.cultura.gov.br/v1/projetos/?segmento=1E"}, "codigo": "1E"}, {"nome": "Construção de centros comunit.Munic(< 100 mil hab)", "_links": {"self": "http://api.salic.cultura.gov.br/v1/projetos/?segmento=1F"}, "codigo": "1F"}, {"nome": "Manutenção de salas de teatro Munic(< 100 mil hab)", "_links": {"self": "http://api.salic.cultura.gov.br/v1/projetos/?segmento=1G"}, "codigo": "1G"}, {"nome": "Manutenção de centros comunit.Munic(< 100 mil hab)", "_links": {"self": "http://api.salic.cultura.gov.br/v1/projetos/?segmento=1H"}, "codigo": "1H"}, {"nome": "Teatro musical", "_links": {"self": "http://api.salic.cultura.gov.br/v1/projetos/?segmento=1I"}, "codigo": "1I"}, {"nome": "Teatro for. Animad, mamuleng, bonecos e congêneres", "_links": {"self": "http://api.salic.cultura.gov.br/v1/projetos/?segmento=1J"}, "codigo": "1J"}, {"nome": "Desfile  escolas de samba ou festivos car musicais", "_links": {"self": "http://api.salic.cultura.gov.br/v1/projetos/?segmento=1L"}, "codigo": "1L"}, {"nome": "Teatro musical (encen por dramat  danças/canções)", "_links": {"self": "http://api.salic.cultura.gov.br/v1/projetos/?segmento=1M"}, "codigo": "1M"}, {"nome": "Construção e manut de salas/c. culturais<100.000 h", "_links": {"self": "http://api.salic.cultura.gov.br/v1/projetos/?segmento=1N"}, "codigo": "1N"}, {"nome": "Prod. televisiva não seriada de caráter comercial", "_links": {"self": "http://api.salic.cultura.gov.br/v1/projetos/?segmento=2$"}, "codigo": "2$"}, {"nome": "Produção radiofônica de caráter não comercial", "_links": {"self": "http://api.salic.cultura.gov.br/v1/projetos/?segmento=2&"}, "codigo": "2&"}, {"nome": "Jogos eletrônicos de caráter educativo e cultural", "_links": {"self": "http://api.salic.cultura.gov.br/v1/projetos/?segmento=21"}, "codigo": "21"}, {"nome": "Videofonográfica", "_links": {"self": "http://api.salic.cultura.gov.br/v1/projetos/?segmento=22"}, "codigo": "22"}, {"nome": "Produção Cinematográfica de curta metragem", "_links": {"self": "http://api.salic.cultura.gov.br/v1/projetos/?segmento=23"}, "codigo": "23"}, {"nome": "Rádio/Tvs Educativa", "_links": {"self": "http://api.salic.cultura.gov.br/v1/projetos/?segmento=24"}, "codigo": "24"}, {"nome": "Multimídia", "_links": {"self": "http://api.salic.cultura.gov.br/v1/projetos/?segmento=25"}, "codigo": "25"}, {"nome": "Produção Cinematográfica de média metragem", "_links": {"self": "http://api.salic.cultura.gov.br/v1/projetos/?segmento=26"}, "codigo": "26"}, {"nome": "Formação /Pesquisa/Informação", "_links": {"self": "http://api.salic.cultura.gov.br/v1/projetos/?segmento=27"}, "codigo": "27"}, {"nome": "Exibição Cinematográfica", "_links": {"self": "http://api.salic.cultura.gov.br/v1/projetos/?segmento=28"}, "codigo": "28"}, {"nome": "Infra-estrutura Técnica Audiovisual", "_links": {"self": "http://api.salic.cultura.gov.br/v1/projetos/?segmento=29"}, "codigo": "29"}, {"nome": "Produção Videofonográfica de curta metragem", "_links": {"self": "http://api.salic.cultura.gov.br/v1/projetos/?segmento=2A"}, "codigo": "2A"}, {"nome": "Produção Videofonográfica de média metragem", "_links": {"self": "http://api.salic.cultura.gov.br/v1/projetos/?segmento=2B"}, "codigo": "2B"}, {"nome": "Formação Audiovisual", "_links": {"self": "http://api.salic.cultura.gov.br/v1/projetos/?segmento=2C"}, "codigo": "2C"}, {"nome": "Pesquisa Audiovisual", "_links": {"self": "http://api.salic.cultura.gov.br/v1/projetos/?segmento=2D"}, "codigo": "2D"}, {"nome": "Doação de acervos audiovisuais", "_links": {"self": "http://api.salic.cultura.gov.br/v1/projetos/?segmento=2E"}, "codigo": "2E"}, {"nome": "Construção de salas de cinema (< 100 mil hab)", "_links": {"self": "http://api.salic.cultura.gov.br/v1/projetos/?segmento=2F"}, "codigo": "2F"}, {"nome": "Cons/Man de salas cine func c.cult com. < 100.000h", "_links": {"self": "http://api.salic.cultura.gov.br/v1/projetos/?segmento=2G"}, "codigo": "2G"}, {"nome": "Constr. centro comunitário c/sala cinema(<100 mil)", "_links": {"self": "http://api.salic.cultura.gov.br/v1/projetos/?segmento=2H"}, "codigo": "2H"}, {"nome": "Manut. centro comunitário c/sala cinema(<100 mil)", "_links": {"self": "http://api.salic.cultura.gov.br/v1/projetos/?segmento=2I"}, "codigo": "2I"}, {"nome": "Difusão de acervo audiovisual", "_links": {"self": "http://api.salic.cultura.gov.br/v1/projetos/?segmento=2J"}, "codigo": "2J"}, {"nome": "Preservação de acervos audiovisuais", "_links": {"self": "http://api.salic.cultura.gov.br/v1/projetos/?segmento=2K"}, "codigo": "2K"}, {"nome": "Restauração de acervos audiovisuais", "_links": {"self": "http://api.salic.cultura.gov.br/v1/projetos/?segmento=2L"}, "codigo": "2L"}, {"nome": "Produção de websérie", "_links": {"self": "http://api.salic.cultura.gov.br/v1/projetos/?segmento=2M"}, "codigo": "2M"}, {"nome": "Prod. radiofônicas de caráter educativo e cultural", "_links": {"self": "http://api.salic.cultura.gov.br/v1/projetos/?segmento=2N"}, "codigo": "2N"}, {"nome": "Rádios e TVs Educativas não comerciais", "_links": {"self": "http://api.salic.cultura.gov.br/v1/projetos/?segmento=2O"}, "codigo": "2O"}, {"nome": "Projetos Audiovisuais Transmidiáticos", "_links": {"self": "http://api.salic.cultura.gov.br/v1/projetos/?segmento=2P"}, "codigo": "2P"}, {"nome": "Aquisição de equip p/ manut de acer AV pub/cinemat", "_links": {"self": "http://api.salic.cultura.gov.br/v1/projetos/?segmento=2Q"}, "codigo": "2Q"}, {"nome": "Produção de conteúdo audiovisual de curta metragem", "_links": {"self": "http://api.salic.cultura.gov.br/v1/projetos/?segmento=2R"}, "codigo": "2R"}, {"nome": "Produção de conteúdo audiovisual de média metragem", "_links": {"self": "http://api.salic.cultura.gov.br/v1/projetos/?segmento=2S"}, "codigo": "2S"}, {"nome": "Difusão de acervo e conteúdo audiovisual", "_links": {"self": "http://api.salic.cultura.gov.br/v1/projetos/?segmento=2T"}, "codigo": "2T"}, {"nome": "Prod. AV curta/média mtragem inc rádio/tv edu cult", "_links": {"self": "http://api.salic.cultura.gov.br/v1/projetos/?segmento=2U"}, "codigo": "2U"}, {"nome": "Difusão de acerv e conteúdo AV diver meios/suporte", "_links": {"self": "http://api.salic.cultura.gov.br/v1/projetos/?segmento=2V"}, "codigo": "2V"}, {"nome": "Restauração e prevervações de acervos audiovisuais", "_links": {"self": "http://api.salic.cultura.gov.br/v1/projetos/?segmento=2W"}, "codigo": "2W"}, {"nome": "Doação de acervos audiovisuais para cinematecas", "_links": {"self": "http://api.salic.cultura.gov.br/v1/projetos/?segmento=2X"}, "codigo": "2X"}, {"nome": "Ações de capacitação e treinamento de pessoa", "_links": {"self": "http://api.salic.cultura.gov.br/v1/projetos/?segmento=2Y"}, "codigo": "2Y"}, {"nome": "Prod. televisiva não seriada caracter n comercial", "_links": {"self": "http://api.salic.cultura.gov.br/v1/projetos/?segmento=2Z"}, "codigo": "2Z"}, {"nome": "Música Regional", "_links": {"self": "http://api.salic.cultura.gov.br/v1/projetos/?segmento=30"}, "codigo": "30"}, {"nome": "Música Popular Cantada", "_links": {"self": "http://api.salic.cultura.gov.br/v1/projetos/?segmento=31"}, "codigo": "31"}, {"nome": "Música Erudita", "_links": {"self": "http://api.salic.cultura.gov.br/v1/projetos/?segmento=32"}, "codigo": "32"}, {"nome": "Música Instrumental", "_links": {"self": "http://api.salic.cultura.gov.br/v1/projetos/?segmento=33"}, "codigo": "33"}, {"nome": "Áreas Integradas", "_links": {"self": "http://api.salic.cultura.gov.br/v1/projetos/?segmento=34"}, "codigo": "34"}, {"nome": "Orquestra", "_links": {"self": "http://api.salic.cultura.gov.br/v1/projetos/?segmento=35"}, "codigo": "35"}, {"nome": "Doações de Acervos Musicais", "_links": {"self": "http://api.salic.cultura.gov.br/v1/projetos/?segmento=36"}, "codigo": "36"}, {"nome": "Canto Coral", "_links": {"self": "http://api.salic.cultura.gov.br/v1/projetos/?segmento=37"}, "codigo": "37"}, {"nome": "Ações de capacitação e treinamento de pessoal", "_links": {"self": "http://api.salic.cultura.gov.br/v1/projetos/?segmento=38"}, "codigo": "38"}, {"nome": "Música em geral", "_links": {"self": "http://api.salic.cultura.gov.br/v1/projetos/?segmento=39"}, "codigo": "39"}, {"nome": "Plásticas", "_links": {"self": "http://api.salic.cultura.gov.br/v1/projetos/?segmento=41"}, "codigo": "41"}, {"nome": "Gráficas", "_links": {"self": "http://api.salic.cultura.gov.br/v1/projetos/?segmento=42"}, "codigo": "42"}, {"nome": "Filatelia", "_links": {"self": "http://api.salic.cultura.gov.br/v1/projetos/?segmento=43"}, "codigo": "43"}, {"nome": "Gravura", "_links": {"self": "http://api.salic.cultura.gov.br/v1/projetos/?segmento=44"}, "codigo": "44"}, {"nome": "Cartazes", "_links": {"self": "http://api.salic.cultura.gov.br/v1/projetos/?segmento=45"}, "codigo": "45"}, {"nome": "Fotografia", "_links": {"self": "http://api.salic.cultura.gov.br/v1/projetos/?segmento=46"}, "codigo": "46"}, {"nome": "Exposição Itinerante", "_links": {"self": "http://api.salic.cultura.gov.br/v1/projetos/?segmento=47"}, "codigo": "47"}, {"nome": "Design", "_links": {"self": "http://api.salic.cultura.gov.br/v1/projetos/?segmento=48"}, "codigo": "48"}, {"nome": "Artes Plásticas", "_links": {"self": "http://api.salic.cultura.gov.br/v1/projetos/?segmento=49"}, "codigo": "49"}, {"nome": "Artes Gráficas", "_links": {"self": "http://api.salic.cultura.gov.br/v1/projetos/?segmento=4A"}, "codigo": "4A"}, {"nome": "Exposição de Artes Visuais", "_links": {"self": "http://api.salic.cultura.gov.br/v1/projetos/?segmento=4B"}, "codigo": "4B"}, {"nome": "Moda", "_links": {"self": "http://api.salic.cultura.gov.br/v1/projetos/?segmento=4C"}, "codigo": "4C"}, {"nome": "Doações de Acervos de Artes Visuais", "_links": {"self": "http://api.salic.cultura.gov.br/v1/projetos/?segmento=4D"}, "codigo": "4D"}, {"nome": "Formação técnica e artística de profissionais", "_links": {"self": "http://api.salic.cultura.gov.br/v1/projetos/?segmento=4E"}, "codigo": "4E"}, {"nome": "Projeto educativo de artes visuais", "_links": {"self": "http://api.salic.cultura.gov.br/v1/projetos/?segmento=4F"}, "codigo": "4F"}, {"nome": "Projeto de fomento à cadeia produtiva arte visual", "_links": {"self": "http://api.salic.cultura.gov.br/v1/projetos/?segmento=4G"}, "codigo": "4G"}, {"nome": "Ações educ-culturais sem/ofic/pal. Form fom A.visu", "_links": {"self": "http://api.salic.cultura.gov.br/v1/projetos/?segmento=4H"}, "codigo": "4H"}, {"nome": "Expo artes q possua tratam artístitico curatorial", "_links": {"self": "http://api.salic.cultura.gov.br/v1/projetos/?segmento=4I"}, "codigo": "4I"}, {"nome": "Elab proj restauro preserv bens tomb esfer F E M D", "_links": {"self": "http://api.salic.cultura.gov.br/v1/projetos/?segmento=5$"}, "codigo": "5$"}, {"nome": "Artesanato de valor cultural (origem tradicional)", "_links": {"self": "http://api.salic.cultura.gov.br/v1/projetos/?segmento=5%"}, "codigo": "5%"}, {"nome": "Ações educ-cult sem/ofic/pal. Preser. pat mat imat", "_links": {"self": "http://api.salic.cultura.gov.br/v1/projetos/?segmento=5&"}, "codigo": "5&"}, {"nome": "Preser restaur man readeq revit/ eq cult d preserv", "_links": {"self": "http://api.salic.cultura.gov.br/v1/projetos/?segmento=50"}, "codigo": "50"}, {"nome": "História", "_links": {"self": "http://api.salic.cultura.gov.br/v1/projetos/?segmento=51"}, "codigo": "51"}, {"nome": "Arquitetônico", "_links": {"self": "http://api.salic.cultura.gov.br/v1/projetos/?segmento=52"}, "codigo": "52"}, {"nome": "Arqueológico", "_links": {"self": "http://api.salic.cultura.gov.br/v1/projetos/?segmento=53"}, "codigo": "53"}, {"nome": "Museu", "_links": {"self": "http://api.salic.cultura.gov.br/v1/projetos/?segmento=54"}, "codigo": "54"}, {"nome": "Acervo", "_links": {"self": "http://api.salic.cultura.gov.br/v1/projetos/?segmento=55"}, "codigo": "55"}, {"nome": "Acervos Museológicos", "_links": {"self": "http://api.salic.cultura.gov.br/v1/projetos/?segmento=56"}, "codigo": "56"}, {"nome": "Cultura Afro Brasileira", "_links": {"self": "http://api.salic.cultura.gov.br/v1/projetos/?segmento=57"}, "codigo": "57"}, {"nome": "Cultura Indígena", "_links": {"self": "http://api.salic.cultura.gov.br/v1/projetos/?segmento=58"}, "codigo": "58"}, {"nome": "Artesanato de valor cultural (origem tradicional)", "_links": {"self": "http://api.salic.cultura.gov.br/v1/projetos/?segmento=59"}, "codigo": "59"}, {"nome": "Arquitetura de reconhecido valor cultural", "_links": {"self": "http://api.salic.cultura.gov.br/v1/projetos/?segmento=5@"}, "codigo": "5@"}, {"nome": "Preser restaur conser salvag id reg Pat. Imaterial", "_links": {"self": "http://api.salic.cultura.gov.br/v1/projetos/?segmento=5A"}, "codigo": "5A"}, {"nome": "Manutenção de equipamentos culturais em geral", "_links": {"self": "http://api.salic.cultura.gov.br/v1/projetos/?segmento=5B"}, "codigo": "5B"}, {"nome": "Ações de capacitação", "_links": {"self": "http://api.salic.cultura.gov.br/v1/projetos/?segmento=5C"}, "codigo": "5C"}, {"nome": "Doações / aquisições de acervos culturais em geral", "_links": {"self": "http://api.salic.cultura.gov.br/v1/projetos/?segmento=5D"}, "codigo": "5D"}, {"nome": "Preservação de Patrimônio Material", "_links": {"self": "http://api.salic.cultura.gov.br/v1/projetos/?segmento=5E"}, "codigo": "5E"}, {"nome": "Restauração de Patrimônio Material", "_links": {"self": "http://api.salic.cultura.gov.br/v1/projetos/?segmento=5F"}, "codigo": "5F"}, {"nome": "Preservação de Patrimônio Museológico", "_links": {"self": "http://api.salic.cultura.gov.br/v1/projetos/?segmento=5G"}, "codigo": "5G"}, {"nome": "Restauração de Patrimônio Museológico", "_links": {"self": "http://api.salic.cultura.gov.br/v1/projetos/?segmento=5H"}, "codigo": "5H"}, {"nome": "Preservação de Acervos", "_links": {"self": "http://api.salic.cultura.gov.br/v1/projetos/?segmento=5I"}, "codigo": "5I"}, {"nome": "Restauração de Acervos", "_links": {"self": "http://api.salic.cultura.gov.br/v1/projetos/?segmento=5J"}, "codigo": "5J"}, {"nome": "Preservação de Acervos Museológicos", "_links": {"self": "http://api.salic.cultura.gov.br/v1/projetos/?segmento=5K"}, "codigo": "5K"}, {"nome": "Restauração de Acervos Museológicos", "_links": {"self": "http://api.salic.cultura.gov.br/v1/projetos/?segmento=5L"}, "codigo": "5L"}, {"nome": "Gastronomia de valor cultural (tipica brasileira)", "_links": {"self": "http://api.salic.cultura.gov.br/v1/projetos/?segmento=5M"}, "codigo": "5M"}, {"nome": "Aquisição de equipamentos p/ manutenção de acervos", "_links": {"self": "http://api.salic.cultura.gov.br/v1/projetos/?segmento=5N"}, "codigo": "5N"}, {"nome": "Manutenção de salas de Teatro (<100 mil hab)", "_links": {"self": "http://api.salic.cultura.gov.br/v1/projetos/?segmento=5O"}, "codigo": "5O"}, {"nome": "Manu centro comunitário c/sl teatro (<100 mil hab)", "_links": {"self": "http://api.salic.cultura.gov.br/v1/projetos/?segmento=5P"}, "codigo": "5P"}, {"nome": "Construção de equipamentos culturais em geral", "_links": {"self": "http://api.salic.cultura.gov.br/v1/projetos/?segmento=5Q"}, "codigo": "5Q"}, {"nome": "Construção de salas de teatro munic(< 100 mil hab)", "_links": {"self": "http://api.salic.cultura.gov.br/v1/projetos/?segmento=5R"}, "codigo": "5R"}, {"nome": "Identificação, registro, educação do patrimônio", "_links": {"self": "http://api.salic.cultura.gov.br/v1/projetos/?segmento=5S"}, "codigo": "5S"}, {"nome": "Ações docum./digitaliz./pesq acerv/sistemat de inf", "_links": {"self": "http://api.salic.cultura.gov.br/v1/projetos/?segmento=5T"}, "codigo": "5T"}, {"nome": "Preserv./revitaliz./edificações destinada-acervos", "_links": {"self": "http://api.salic.cultura.gov.br/v1/projetos/?segmento=5U"}, "codigo": "5U"}, {"nome": "Ações segurança p/preservação patrimônio/acervos", "_links": {"self": "http://api.salic.cultura.gov.br/v1/projetos/?segmento=5V"}, "codigo": "5V"}, {"nome": "Planos anuais de preservação do patrimônio/acervos", "_links": {"self": "http://api.salic.cultura.gov.br/v1/projetos/?segmento=5W"}, "codigo": "5W"}, {"nome": "Ações educativo-culturais", "_links": {"self": "http://api.salic.cultura.gov.br/v1/projetos/?segmento=5X"}, "codigo": "5X"}, {"nome": "Treinamento  pessoal/aquis.equip. p/manut. Acervos", "_links": {"self": "http://api.salic.cultura.gov.br/v1/projetos/?segmento=5Y"}, "codigo": "5Y"}, {"nome": "Elaboração de projetos de arquitetura e urbanismo", "_links": {"self": "http://api.salic.cultura.gov.br/v1/projetos/?segmento=5Z"}, "codigo": "5Z"}, {"nome": "Const bibli esp teatr/film ativ culturais 100.000h", "_links": {"self": "http://api.salic.cultura.gov.br/v1/projetos/?segmento=6$"}, "codigo": "6$"}, {"nome": "Ações de formação/capacitação em geral gestão empr", "_links": {"self": "http://api.salic.cultura.gov.br/v1/projetos/?segmento=6&"}, "codigo": "6&"}, {"nome": "Festival literário", "_links": {"self": "http://api.salic.cultura.gov.br/v1/projetos/?segmento=60"}, "codigo": "60"}, {"nome": "Edição de Livros", "_links": {"self": "http://api.salic.cultura.gov.br/v1/projetos/?segmento=61"}, "codigo": "61"}, {"nome": "Obras de Referência", "_links": {"self": "http://api.salic.cultura.gov.br/v1/projetos/?segmento=62"}, "codigo": "62"}, {"nome": "História", "_links": {"self": "http://api.salic.cultura.gov.br/v1/projetos/?segmento=63"}, "codigo": "63"}, {"nome": "Filosofia", "_links": {"self": "http://api.salic.cultura.gov.br/v1/projetos/?segmento=64"}, "codigo": "64"}, {"nome": "Acervo Bibliográfico", "_links": {"self": "http://api.salic.cultura.gov.br/v1/projetos/?segmento=65"}, "codigo": "65"}, {"nome": "Arquivo", "_links": {"self": "http://api.salic.cultura.gov.br/v1/projetos/?segmento=66"}, "codigo": "66"}, {"nome": "Biblioteca", "_links": {"self": "http://api.salic.cultura.gov.br/v1/projetos/?segmento=67"}, "codigo": "67"}, {"nome": "Eventos Literários e ações educ-cult p/ inc à leit", "_links": {"self": "http://api.salic.cultura.gov.br/v1/projetos/?segmento=68"}, "codigo": "68"}, {"nome": "Periódicos", "_links": {"self": "http://api.salic.cultura.gov.br/v1/projetos/?segmento=69"}, "codigo": "69"}, {"nome": "Aç.cap.tren.pess.ofic/aquis.equi.man.Bibl.Mus.A.pu", "_links": {"self": "http://api.salic.cultura.gov.br/v1/projetos/?segmento=6@"}, "codigo": "6@"}, {"nome": "Ações de formação capacitação treinamento pessoal", "_links": {"self": "http://api.salic.cultura.gov.br/v1/projetos/?segmento=6A"}, "codigo": "6A"}, {"nome": "Eventos e ações de incentivo à leitura", "_links": {"self": "http://api.salic.cultura.gov.br/v1/projetos/?segmento=6B"}, "codigo": "6B"}, {"nome": "Livros  ou obras de referência - valor Artístico", "_links": {"self": "http://api.salic.cultura.gov.br/v1/projetos/?segmento=6C"}, "codigo": "6C"}, {"nome": "Livros  ou obras de referência - valor Literário", "_links": {"self": "http://api.salic.cultura.gov.br/v1/projetos/?segmento=6D"}, "codigo": "6D"}, {"nome": "Livros ou  obras de referência - valor Humanístico", "_links": {"self": "http://api.salic.cultura.gov.br/v1/projetos/?segmento=6E"}, "codigo": "6E"}, {"nome": "Periódicos e outras publicações", "_links": {"self": "http://api.salic.cultura.gov.br/v1/projetos/?segmento=6F"}, "codigo": "6F"}, {"nome": "Treina pessoal p manuten de acervos bibliográficos", "_links": {"self": "http://api.salic.cultura.gov.br/v1/projetos/?segmento=6G"}, "codigo": "6G"}, {"nome": "Aquisiç equip p/manuten de acervos bibliográficos", "_links": {"self": "http://api.salic.cultura.gov.br/v1/projetos/?segmento=6H"}, "codigo": "6H"}, {"nome": "Doação ou aquis acervos p/ bibl/mus/arq/cinemateca", "_links": {"self": "http://api.salic.cultura.gov.br/v1/projetos/?segmento=6I"}, "codigo": "6I"}, {"nome": "Impressos/eletrônicos-artístico, literário, human.", "_links": {"self": "http://api.salic.cultura.gov.br/v1/projetos/?segmento=6J"}, "codigo": "6J"}, {"nome": "Aquis.acervos biblio.-artístico, literário, human.", "_links": {"self": "http://api.salic.cultura.gov.br/v1/projetos/?segmento=6K"}, "codigo": "6K"}, {"nome": "Aquisi. arquivísticos-artístico, literário, human.", "_links": {"self": "http://api.salic.cultura.gov.br/v1/projetos/?segmento=6L"}, "codigo": "6L"}, {"nome": "Manut. acervos biblio.artístico, literário, human.", "_links": {"self": "http://api.salic.cultura.gov.br/v1/projetos/?segmento=6M"}, "codigo": "6M"}, {"nome": "Manut. acervos arquiv.artístico, literário, human.", "_links": {"self": "http://api.salic.cultura.gov.br/v1/projetos/?segmento=6N"}, "codigo": "6N"}, {"nome": "Prese. acervos biblio.artístico, literário, human.", "_links": {"self": "http://api.salic.cultura.gov.br/v1/projetos/?segmento=6O"}, "codigo": "6O"}, {"nome": "Prese. acervos arquiv.artístico, literário, human.", "_links": {"self": "http://api.salic.cultura.gov.br/v1/projetos/?segmento=6P"}, "codigo": "6P"}, {"nome": "Resta. acervos biblio.artístico, literário, human.", "_links": {"self": "http://api.salic.cultura.gov.br/v1/projetos/?segmento=6Q"}, "codigo": "6Q"}, {"nome": "Resta. acervos arquiv.artístico, literário, human.", "_links": {"self": "http://api.salic.cultura.gov.br/v1/projetos/?segmento=6R"}, "codigo": "6R"}, {"nome": "Treinamento-pessoal, demais ações de capacitação", "_links": {"self": "http://api.salic.cultura.gov.br/v1/projetos/?segmento=6S"}, "codigo": "6S"}, {"nome": "Aquis.equip. p/manut. acervos de bibliot. Públicas", "_links": {"self": "http://api.salic.cultura.gov.br/v1/projetos/?segmento=6T"}, "codigo": "6T"}, {"nome": "Aquisição equipamentos p/manut. acervos de museus", "_links": {"self": "http://api.salic.cultura.gov.br/v1/projetos/?segmento=6U"}, "codigo": "6U"}, {"nome": "Aquisição equip. p/manut. acervos arquivo públicos", "_links": {"self": "http://api.salic.cultura.gov.br/v1/projetos/?segmento=6V"}, "codigo": "6V"}, {"nome": "Aquisição equip. p/manut. acervos de cinematecas", "_links": {"self": "http://api.salic.cultura.gov.br/v1/projetos/?segmento=6W"}, "codigo": "6W"}, {"nome": "Livros ou obras refer impr/elet  valor art/lit/hum", "_links": {"self": "http://api.salic.cultura.gov.br/v1/projetos/?segmento=6X"}, "codigo": "6X"}, {"nome": "Ações educativo-culturais", "_links": {"self": "http://api.salic.cultura.gov.br/v1/projetos/?segmento=6Y"}, "codigo": "6Y"}, {"nome": "Man/pres/rest acervos bibliografico e arquivistico", "_links": {"self": "http://api.salic.cultura.gov.br/v1/projetos/?segmento=6Z"}, "codigo": "6Z"}, {"nome": "Artes Integradas", "_links": {"self": "http://api.salic.cultura.gov.br/v1/projetos/?segmento=71"}, "codigo": "71"}, {"nome": "Restauração/Bolsas", "_links": {"self": "http://api.salic.cultura.gov.br/v1/projetos/?segmento=72"}, "codigo": "72"}, {"nome": "Multimídia", "_links": {"self": "http://api.salic.cultura.gov.br/v1/projetos/?segmento=73"}, "codigo": "73"}, {"nome": "Carnaval", "_links": {"self": "http://api.salic.cultura.gov.br/v1/projetos/?segmento=74"}, "codigo": "74"}, {"nome": "Carnaval fora de época", "_links": {"self": "http://api.salic.cultura.gov.br/v1/projetos/?segmento=75"}, "codigo": "75"}, {"nome": "Cultura Popular", "_links": {"self": "http://api.salic.cultura.gov.br/v1/projetos/?segmento=76"}, "codigo": "76"}, {"nome": "Equipamentos culturais multifuncionais", "_links": {"self": "http://api.salic.cultura.gov.br/v1/projetos/?segmento=77"}, "codigo": "77"}, {"nome": "Produção Cinematográfica", "_links": {"self": "http://api.salic.cultura.gov.br/v1/projetos/?segmento=81"}, "codigo": "81"}, {"nome": "Produção de obras seriadas", "_links": {"self": "http://api.salic.cultura.gov.br/v1/projetos/?segmento=82"}, "codigo": "82"}, {"nome": "Produção Televisiva", "_links": {"self": "http://api.salic.cultura.gov.br/v1/projetos/?segmento=83"}, "codigo": "83"}, {"nome": "Produção Radiofônica", "_links": {"self": "http://api.salic.cultura.gov.br/v1/projetos/?segmento=84"}, "codigo": "84"}, {"nome": "Distribuição Cinematográfica", "_links": {"self": "http://api.salic.cultura.gov.br/v1/projetos/?segmento=85"}, "codigo": "85"}, {"nome": "Preservação/Restauração da Memória Cinematográfica", "_links": {"self": "http://api.salic.cultura.gov.br/v1/projetos/?segmento=86"}, "codigo": "86"}, {"nome": "Difusão", "_links": {"self": "http://api.salic.cultura.gov.br/v1/projetos/?segmento=87"}, "codigo": "87"}, {"nome": "Formação/Pesquisa e informação", "_links": {"self": "http://api.salic.cultura.gov.br/v1/projetos/?segmento=88"}, "codigo": "88"}, {"nome": "Intercâmbio cultural", "_links": {"self": "http://api.salic.cultura.gov.br/v1/projetos/?segmento=89"}, "codigo": "89"}, {"nome": "Doação/aquis acervos p/museus e inst. pres memória", "_links": {"self": "http://api.salic.cultura.gov.br/v1/projetos/?segmento=9A"}, "codigo": "9A"}, {"nome": "Doação de acervos p/instit. preservação da memória", "_links": {"self": "http://api.salic.cultura.gov.br/v1/projetos/?segmento=9B"}, "codigo": "9B"}, {"nome": "Aquisição acervos p/instit. preservação da memória", "_links": {"self": "http://api.salic.cultura.gov.br/v1/projetos/?segmento=9C"}, "codigo": "9C"}, {"nome": "Preserv restaur conserv identid registro/promoção", "_links": {"self": "http://api.salic.cultura.gov.br/v1/projetos/?segmento=9D"}, "codigo": "9D"}, {"nome": "Identificação, registro e promoção", "_links": {"self": "http://api.salic.cultura.gov.br/v1/projetos/?segmento=9E"}, "codigo": "9E"}, {"nome": "Document/digitaliz  de acervos sistemas de informa", "_links": {"self": "http://api.salic.cultura.gov.br/v1/projetos/?segmento=9F"}, "codigo": "9F"}, {"nome": "Sistemas de informações", "_links": {"self": "http://api.salic.cultura.gov.br/v1/projetos/?segmento=9G"}, "codigo": "9G"}, {"nome": "Ações de segurança para preservação de acervos", "_links": {"self": "http://api.salic.cultura.gov.br/v1/projetos/?segmento=9H"}, "codigo": "9H"}, {"nome": "Planos anuais de ativid e elabor d planos museológ", "_links": {"self": "http://api.salic.cultura.gov.br/v1/projetos/?segmento=9I"}, "codigo": "9I"}, {"nome": "Exposiç realiz  em museus, exposiç c/ acerv de mus", "_links": {"self": "http://api.salic.cultura.gov.br/v1/projetos/?segmento=9J"}, "codigo": "9J"}, {"nome": "Exposições organizadas com acervos de museus", "_links": {"self": "http://api.salic.cultura.gov.br/v1/projetos/?segmento=9K"}, "codigo": "9K"}, {"nome": "Exposições organizadas com museografia", "_links": {"self": "http://api.salic.cultura.gov.br/v1/projetos/?segmento=9L"}, "codigo": "9L"}, {"nome": "Pesquisa", "_links": {"self": "http://api.salic.cultura.gov.br/v1/projetos/?segmento=9M"}, "codigo": "9M"}, {"nome": "Ação educ-cult inc seminár, congresso, palestras", "_links": {"self": "http://api.salic.cultura.gov.br/v1/projetos/?segmento=9N"}, "codigo": "9N"}, {"nome": "Criação e implantaç proj/construç/restaur/reforma", "_links": {"self": "http://api.salic.cultura.gov.br/v1/projetos/?segmento=9O"}, "codigo": "9O"}, {"nome": "Implan. projetos, construção, restauração, reforma", "_links": {"self": "http://api.salic.cultura.gov.br/v1/projetos/?segmento=9P"}, "codigo": "9P"}, {"nome": "Espaços museais", "_links": {"self": "http://api.salic.cultura.gov.br/v1/projetos/?segmento=9Q"}, "codigo": "9Q"}, {"nome": "Ação de capacitação e treinamento de pessoal", "_links": {"self": "http://api.salic.cultura.gov.br/v1/projetos/?segmento=9R"}, "codigo": "9R"}, {"nome": "Aquisição de equipam p/preserv e manut de acervos", "_links": {"self": "http://api.salic.cultura.gov.br/v1/projetos/?segmento=9S"}, "codigo": "9S"}, {"nome": "Aquisição de equipamentos p/manutenção de acervos", "_links": {"self": "http://api.salic.cultura.gov.br/v1/projetos/?segmento=9T"}, "codigo": "9T"}, {"nome": "Pesquisa; sistematização de informações", "_links": {"self": "http://api.salic.cultura.gov.br/v1/projetos/?segmento=9U"}, "codigo": "9U"}]}}');
INSERT INTO apis.api_responses (id, description, metadata, data_dictionary, response_example) VALUES (416, 'Busca propostas dado uma combinação de valores diversos de pesquisa', null, null, '{"count": 100, "_embedded": {"propostas": [{"id": 1, "nome": "Retratos Gaúchos: Seus Povos, Sua Almas", "etapa": "A edição do livro “Retratos Gaúchos: Seus Povos, Sua Alma” prevê as seguintes ações: ABRIL Captação dos recursos com apoio da Lei Rouanet; ABRIL, MAIO E JUNHO Organização da equipe de editor, pesquisa", "_links": {"self": "http://api.salic.cultura.gov.br/v1/propostas/1"}, "resumo": "Publicação de um livro que relate a história de dezessete povos que ajudaram a colonizar o estado do Rio Grande do Sul (alemães, italianos, japoneses, judeus, índios, espanhóis, açorianos, negros, árabes, palestinos, chineses, coreanos, poloneses, russos, suecos, austríacos e ucranianos). Quais suas contribuições para a cultura e o desenvolvimento do estado. Lançamento do livro na capital gaúcha e em quatro cidades do interior. Tiragem de três mil exemplares, com distribuição gratuita.", "sinopse": "", "mecanismo": "Mecenato", "objetivos": "GERAL: - Editar e publicar um livro que mostre a história de dezessete povos que  ajudaram a colonizar o estado do Rio Grande do Sul: sua contribuição para o crescimento, como eles viveram e vivem atu", "data_aceite": null, "data_inicio": "2009-04-10", "data_termino": "2009-12-31", "ficha_tecnica": "", "justificativa": "É notório que a história de uma cidade, estado ou país deve-se muito aos povos que escolheram aquele lugar como sua moradia, seu habitat para criar sua família. Num mesmo local podemos ter diferentes", "acessibilidade": "Com o objetivo de permitir o ingresso de pessoas portadoras de deficiência física, os locais de lançamento, tanto na capital gaúcha com nas cidades do interior, terão o accesso facilitado através de r", "democratizacao": "Com o objetivo de democratizar o acesso de camadas menos favorecidas ao material elaborado pelo projeto, teremos: - Acesso gratuito a exposição de fotos constantes no livro; - Distribuição gratuita de", "data_arquivamento": null, "impacto_ambiental": "", "estrategia_execucao": "", "especificacao_tecnica": ""}]}}');
INSERT INTO apis.api_responses (id, description, metadata, data_dictionary, response_example) VALUES (417, 'Dados detalhados de uma proposta', null, null, '{"id": 1, "nome": "Retratos Gaúchos: Seus Povos, Sua Almas", "etapa": "A edição do livro “Retratos Gaúchos: Seus Povos, Sua Alma” prevê as seguintes ações: ABRIL Captação dos recursos com apoio da Lei Rouanet; ABRIL, MAIO E JUNHO Organização da equipe de editor, pesquisador, fotógrafo, diagramador e revisor; Definição do projeto editorial do livro; Definição do projeto gráfico do livro; Planejamento das fotos a serem executadas; Planejamento de entrevistas e depoimentos; Pesquisa junto à entidades culturais do estado, bibliotecas, associações e outros locais, dos materiais necessários para edição do livro; Organização do material selecionado; JULHO E AGOSTO Produção dos textos; Digitalização e tratamento das fotos selecionadas; Diagramação do material selecionado; Revisão e correção dos textos; Finalização do trabalho de produção do livro; Envio do material para gráfica para impressão; SETEMBRO Impressão do livro; Preparação do material para realização da exposição e lançamento do livro na capital gaúcha; OUTUBRO Divulgação através da mídia; Distribuição de convites; Realização do lançamento do livro e exposição na capital gaúcha; NOVEMBRO E DEZEMBRO Planejamento do lançamento nas quatro cidades do interior; Divulgação através da mídia; Distribuição dos convites; Lançamento nas cidades do interior; ABRIL A DEZEMBRO Pagamento de impostos. DEZEMBRO Envio dos livros para as bibliotecas, conforme Minc; Prestação de contas.", "resumo": "Publicação de um livro que relate a história de dezessete povos que ajudaram a colonizar o estado do Rio Grande do Sul (alemães, italianos, japoneses, judeus, índios, espanhóis, açorianos, negros, árabes, palestinos, chineses, coreanos, poloneses, russos, suecos, austríacos e ucranianos). Quais suas contribuições para a cultura e o desenvolvimento do estado. Lançamento do livro na capital gaúcha e em quatro cidades do interior. Tiragem de três mil exemplares, com distribuição gratuita.", "sinopse": "", "mecanismo": "Mecenato", "objetivos": "GERAL: - Editar e publicar um livro que mostre a história de dezessete povos que  ajudaram a colonizar o estado do Rio Grande do Sul: sua contribuição para o crescimento, como eles viveram e vivem atualmente e quais suas atividades. Lançamento do livro na capital gaúcha e em quatro cidades do interior.   ESPECÍFICOS: - Divulgar a história do Rio Grande do Sul no que tange aos povos que colonizaram; - Estimular os leitores a conhecerem mais sobre a história da colonização do nosso estado; - Servir como material de preservação da história dos povos que construiram o Rio Grande do Sul; - Com a distribuição gratuita, quer-se atingir um elevado número de estudantes e leitores menos favorecidos; - Propiciar a comunidades do interior do estado, das cidades de Caxias do Sul, Lajeado, Santa Rosa e Passo Fundo o contato com material que divulgue a cultura riograndense;", "data_aceite": null, "data_inicio": "2009-04-10", "data_termino": "2009-12-31", "ficha_tecnica": "", "justificativa": "É notório que a história de uma cidade, estado ou país deve-se muito aos povos que escolheram aquele lugar como sua moradia, seu habitat para criar sua família. Num mesmo local podemos ter diferentes culturas convivendo e construíndo a história. A integração destes povos faz surgir uma cultura miscigenada, onde as pessoas procuram conviver de modo harmônico, ora com seus hábitos e costumes, ora integrando-se com os costumes de outros povos. Propiciar aos leitores o contato com estas culturas diversificadas, as diferente maneiras de viver de povos que construiram um local é uma forma de divulgar e preservar a história. História essa que gira em torno dos seus hábitos, seus costumes, suas tradições, sua vontade de construir, de crescer, de trabalhar e de se desenvolver.   Quando foi lançado o livro “Rio Grande do Sul: Seu Povo, Sua Alma” apoiado pela Lei Rouanet (Pronac 076716) muitos leitores questionaram porque outras etnias não constavam nesta publicação. Árabes, poloneses entre outros, ao parabenizarem pela obra, fizeram esta pergunta, pois se consideram também importantes na construção do estado do Rio Grande do Sul. Buscando qualificar a obra produzida anteriormente, o projeto “Retratos Gaúchos: Seus Povos, Sua Alma” quer reunir em uma única publicação a história de dezessete povos através de fotos e textos: como chegaram, onde se estabeleceram, sua cultura, como criaram suas comunidades, quais suas atividades econômicas, como cresceram e fizeram o estado crescer. O livro irá abordar as seguintes etnias: alemães, italianos, japoneses, judeus, índios, espanhóis, açorianos, negros, árabes, palestinos, chineses, coreanos, poloneses, russos, suecos, austríacos e ucranianos. Nesta mesma linha, para democratizar o acesso a cultura e a obra produzida, o lançamento do livro será realizado na capital gaúcha e em quatro cidades do interior do estado, sempre com entrada franca ao público e distribuição gratuita dos exemplares.   O livro será um resgate fotográfico destes povos: suas expressões, sua força trabalhadora, seus rostos suados e a obstinação com o crescimento, a alegria de uma festa, de um nascimento, de uma colheita bem sucedida, de uma grande obra realizada, da família reunida. Enfim, vamos mostrar a alma do povo gaúcho, daqueles que colonizaram, ajudaram e ajudam o estado a crescer.   Para o seu lançamento, realizaremos uma exposição fotográfica com o material utilizado na sua produção. O lançamento acontecerá na capital gaúcha – Porto Alegre. Depois, segue para quatro cidades do interior do estado: Caxias do Sul, Lajeado, Santa Rosa e Passo Fundo.   Com o apoio da Lei Rouanet, além da viabilização do projeto, toda a tiragem do livro será distribuída gratuitamente, tanto nos lançamentos, quanto para bibliotecas, escolas e secretarias municipais. Com isto, pretende-se democratizar o acesso a cultura, propiciando a um número maior de leitores o contato com a cultura riograndense.   Quanto ao conteúdo editorial e fotográfico do livro, uma parte será composta pelo material utilizado no livro “Rio Grande do Sul: Seu Povo, Sua Alma”, a que refere-se as seguintes etnias: alemães, italianos, japoneses, judeus, índios, espanhóis, açorianos e negros. Uma nova pesquisa de conteúdo e fotográfica será realizada para completar o livro, que irá compreender outras nove etnias, sendo elas: árabes, palestinos, chineses, coreanos, poloneses, russos, suecos, austríacos e ucranianos. Assim, os custos dos profissionais responsáveis pela parte editorial e fotográfica, lançados na planilha de custos, referem-se somente a esta nova pesquisa.", "acessibilidade": "Com o objetivo de permitir o ingresso de pessoas portadoras de deficiência física, os locais de lançamento, tanto na capital gaúcha com nas cidades do interior, terão o accesso facilitado através de rampas entre outras facilidades. As legendas das fotos da exposição também serão em braile, permitindo que pessoas com deficiência visual tenham condições de conhecer um pouco sobre o material exposto. Os profissionais que irão trabalhar também estarão treinados a orientar pessoas com outros tipos de deficiência.", "democratizacao": "Com o objetivo de democratizar o acesso de camadas menos favorecidas ao material elaborado pelo projeto, teremos: - Acesso gratuito a exposição de fotos constantes no livro; - Distribuição gratuita de exemplares aos visitantes do lançamento do livro (respeitando o limite disponibilizado para cada localidade).", "data_arquivamento": null, "impacto_ambiental": "", "estrategia_execucao": "", "especificacao_tecnica": ""}');
INSERT INTO apis.api_responses (id, description, metadata, data_dictionary, response_example) VALUES (418, 'Busca incentivadores dado uma combinação de valores diversos de pesquisa', null, null, '{"count": 1, "total": 100403, "_links": {"last": "http://api.salic.cultura.gov.br/v1/incentivadores/?limit=1&offset=100402&", "next": "http://api.salic.cultura.gov.br/v1/incentivadores/?limit=1&offset=1&", "self": "http://api.salic.cultura.gov.br/v1/incentivadores/?limit=1&offset=0&", "first": "http://api.salic.cultura.gov.br/v1/incentivadores/?limit=1&offset=0&"}, "_embedded": {"incentivadores": [{"UF": "DF", "nome": "Banco do Brasil S.A", "_links": {"self": "http://api.salic.cultura.gov.br/v1/incentivadores/214a39086cf749b71b71e7a898e1bd82c31b8a9f00c1369a545084052472", "doacoes": "http://api.salic.cultura.gov.br/v1/incentivadores/214a39086cf749b71b71e7a898e1bd82c31b8a9f00c1369a545084052472/doacoes/"}, "cgccpf": "00000000000191", "municipio": "Brasília", "responsavel": " ", "tipo_pessoa": "juridica", "total_doado": 559736720.39}]}}');
INSERT INTO apis.api_responses (id, description, metadata, data_dictionary, response_example) VALUES (419, 'Busca incentivadores dado uma combinação de valores diversos de pesquisa', null, null, '{"UF": "RS", "nome": "Lilian Cassiano", "_links": {"self": "http://api.salic.cultura.gov.br/v1/incentivadores/924b95fdd2fccb4c6212a0eb4ec3f7155ecc56a916b4cd8b304862", "doacoes": "http://api.salic.cultura.gov.br/v1/incentivadores/924b95fdd2fccb4c6212a0eb4ec3f7155ecc56a916b4cd8b304862/doacoes"}, "cgccpf": "***141680**", "municipio": "Porto Alegre", "responsavel": " ", "tipo_pessoa": "fisica", "total_doado": 300.0}');
INSERT INTO apis.api_responses (id, description, metadata, data_dictionary, response_example) VALUES (420, 'Dado o id de um incentivador, retorna informações relativas a todas as doações por ele feitas', null, null, '{"count": 1, "total": 1, "_links": {"last": "http://api.salic.cultura.gov.br/v1/incentivadores/924b95fdd2fccb4c6212a0eb4ec3f7155ecc56a916b4cd8b304862/doacoes/?limit=100&offset=0&", "self": "http://api.salic.cultura.gov.br/v1/incentivadores/924b95fdd2fccb4c6212a0eb4ec3f7155ecc56a916b4cd8b304862/doacoes/?limit=100&offset=0&", "first": "http://api.salic.cultura.gov.br/v1/incentivadores/924b95fdd2fccb4c6212a0eb4ec3f7155ecc56a916b4cd8b304862/doacoes/?limit=100&offset=0&"}, "_embedded": {"doacoes": [{"valor": 300.0, "PRONAC": "997585 ", "_links": {"projeto": "http://api.salic.cultura.gov.br/v1/projetos/997585 ", "incentivador": "http://api.salic.cultura.gov.br/v1/incentivadores/3172444b71ae37a789d22f2c6a0775cf246e769e1609565ad9a034"}, "cgccpf": "***141680**", "data_recibo": "1999-12-29", "nome_doador": "Lilian Cassiano", "nome_projeto": "Patrimônio Histórico e Cultural da UFGRS- Faculdade de Medicina"}]}}');
INSERT INTO apis.api_responses (id, description, metadata, data_dictionary, response_example) VALUES (421, 'Busca fornecedores dado uma combinação de valores diversos de pesquisa', null, null, '{"count": 100, "total": 250704, "_links": {"last": "http://api.salic.cultura.gov.br/v1/fornecedores/?limit=100&offset=250700", "next": "http://api.salic.cultura.gov.br/v1/fornecedores/?limit=100&offset=100", "self": "http://api.salic.cultura.gov.br/v1/fornecedores/?limit=100&offset=0", "first": "http://api.salic.cultura.gov.br/v1/fornecedores/?limit=100&offset=0"}, "_embedded": {"fornecedores": [{"nome": "Associação Inventor de Sonhos", "email": "inventordesonhos@gmail.com", "_links": {"self": "http://api.salic.cultura.gov.br/v1/fornecedores/d3ea0c28cfb28e953f17c548e357bfce13843bfbcd2f1c68234e0a778751", "produtos": "http://api.salic.cultura.gov.br/v1/fornecedores/d3ea0c28cfb28e953f17c548e357bfce13843bfbcd2f1c68234e0a778751/produtos/"}, "cgccpf": "00000000000000"}, {"nome": "Banco do Brasil S.A", "email": null, "_links": {"self": "http://api.salic.cultura.gov.br/v1/fornecedores/b07dd7006e6b168800db3f24bf6ca128767d5c643321e7653b772725d402", "produtos": "http://api.salic.cultura.gov.br/v1/fornecedores/b07dd7006e6b168800db3f24bf6ca128767d5c643321e7653b772725d402/produtos/"}, "cgccpf": "00000000000191"}]}}');
INSERT INTO apis.api_responses (id, description, metadata, data_dictionary, response_example) VALUES (422, 'Busca fornecedores dado uma combinação de valores diversos de pesquisa', null, null, '{"nome": "Banco do Brasil S.A", "email": null, "_links": {"self": "http://api.salic.cultura.gov.br/v1/fornecedores/6bf85a4fe302cdc962ce2b47dc362cd88b03fd9f00eb1186ff19de1a9d39", "produtos": "http://api.salic.cultura.gov.br/v1/fornecedores/6bf85a4fe302cdc962ce2b47dc362cd88b03fd9f00eb1186ff19de1a9d39/produtos"}, "cgccpf": "00000000000191"}');
INSERT INTO apis.api_responses (id, description, metadata, data_dictionary, response_example) VALUES (423, 'Dado o id de um fornecedor, retorna informações relativas a todas os ítens ou serviços fornecidos por ele', null, null, '{"count": 100, "total": 575, "_links": {"last": "http://api.salic.cultura.gov.br/v1/fornecedores/6bf85a4fe302cdc962ce2b47dc362cd88b03fd9f00eb1186ff19de1a9d39/produtos/?limit=100&offset=500&", "next": "http://api.salic.cultura.gov.br/v1/fornecedores/6bf85a4fe302cdc962ce2b47dc362cd88b03fd9f00eb1186ff19de1a9d39/produtos/?limit=100&offset=100&", "self": "http://api.salic.cultura.gov.br/v1/fornecedores/6bf85a4fe302cdc962ce2b47dc362cd88b03fd9f00eb1186ff19de1a9d39/produtos/?limit=100&offset=0&", "first": "http://api.salic.cultura.gov.br/v1/fornecedores/6bf85a4fe302cdc962ce2b47dc362cd88b03fd9f00eb1186ff19de1a9d39/produtos/?limit=100&offset=0&"}, "_embedded": {"produtos": [{"nome": "Seguro (pessoas, obras e equipamentos - especificar)", "PRONAC": "110346", "_links": {"projeto": "http://api.salic.cultura.gov.br/v1/projetos/110346", "fornecedor": "http://api.salic.cultura.gov.br/v1/fornecedores/6bf85a4fe302cdc962ce2b47dc362cd88b03fd9f00eb1186ff19de1a9d39"}, "cgccpf": "00000000000191", "id_arquivo": 977466, "nm_arquivo": "PG_seguro0001.jpg", "justificativa": "Pagamento de Tarifa de Transferência ref. ao Pagamento do Seguro. ", "data_aprovacao": "2016-07-13 08:13:52", "data_pagamento": "2011-07-11 12:00:00", "nr_comprovante": "748902", "tipo_documento": "Recibo de Pagamento", "nome_fornecedor": "Banco do Brasil S.A", "valor_pagamento": 13.5, "tipo_forma_pagamento": "Transferencia Bancaria", "id_planilha_aprovacao": 82366, "nr_documento_pagamento": "748902", "id_comprovante_pagamento": 107796}]}}');
INSERT INTO apis.api_responses (id, description, metadata, data_dictionary, response_example) VALUES (424, 'Busca proponentes dado uma combinação de valores diversos de pesquisa', null, null, '{"count": 100, "_embedded": {"proponentes": [{"UF": "CE", "nome": "CLAUDEMI PEREIRA DOS SANTOS", "_links": {"self": "http://api.salic.cultura.gov.br/v1/proponentes/73ca1b22c200766eda8ee3bf1a9a3b302c59c83d58575cd2d4d0a4", "projetos": "http://api.salic.cultura.gov.br/v1/projetos/?proponente_id=73ca1b22c200766eda8ee3bf1a9a3b302c59c83d58575cd2d4d0a4"}, "cgccpf": "***000493**", "municipio": "Fortaleza", "responsavel": "CLAUDEMI PEREIRA DOS SANTOS", "tipo_pessoa": "fisica", "total_captado": 0}, {"UF": "MG", "nome": "Djenane Vera Eduardo ", "_links": {"self": "http://api.salic.cultura.gov.br/v1/proponentes/d3d3302c6497c122948801b4dd5cf63615295c5f2614c51c69f275", "projetos": "http://api.salic.cultura.gov.br/v1/projetos/?proponente_id=d3d3302c6497c122948801b4dd5cf63615295c5f2614c51c69f275"}, "cgccpf": "***001846**", "municipio": "Contagem", "responsavel": "", "tipo_pessoa": "fisica", "total_captado": 0}, {"UF": "SP", "nome": "Amellis Comércio e Representações de CDs e DVDs Soc. Empresarial LTDA", "_links": {"self": "http://api.salic.cultura.gov.br/v1/proponentes/ddaf191a4c782b2acefa3ff12da5061ce53d83ef4d7881974dc393173104", "projetos": "http://api.salic.cultura.gov.br/v1/projetos/?proponente_id=ddaf191a4c782b2acefa3ff12da5061ce53d83ef4d7881974dc393173104"}, "cgccpf": "00000337000107", "municipio": "São Paulo", "responsavel": "Marina Abramowicz", "tipo_pessoa": "juridica", "total_captado": 0}, {"UF": "SP", "nome": "Anna Carolina Guimarães Braga Guilherme", "_links": {"self": "http://api.salic.cultura.gov.br/v1/proponentes/8cf2afca5828c55f77b8a8b0ded987402cbdacc57d0d790a237afe", "projetos": "http://api.salic.cultura.gov.br/v1/projetos/?proponente_id=8cf2afca5828c55f77b8a8b0ded987402cbdacc57d0d790a237afe"}, "cgccpf": "***020771**", "municipio": "Araçatuba", "responsavel": "Anna Carolina Guimarães Braga Guilherme", "tipo_pessoa": "fisica", "total_captado": 0}, {"UF": "MG", "nome": "EDUARDO HAZAN", "_links": {"self": "http://api.salic.cultura.gov.br/v1/proponentes/b740287e961a202f2cff0ddf6d08da6c35f23e2f78977353eabe89", "projetos": "http://api.salic.cultura.gov.br/v1/projetos/?proponente_id=b740287e961a202f2cff0ddf6d08da6c35f23e2f78977353eabe89"}, "cgccpf": "***022596**", "municipio": "Belo Horizonte", "responsavel": "Eduardo Hazan", "tipo_pessoa": "fisica", "total_captado": 0}, {"UF": "MG", "nome": "Luciene Leão Ávila", "_links": {"self": "http://api.salic.cultura.gov.br/v1/proponentes/bda4afde0da626e69996d4a40d3d80310de93e39b9bd3bc39f0f1f", "projetos": "http://api.salic.cultura.gov.br/v1/projetos/?proponente_id=bda4afde0da626e69996d4a40d3d80310de93e39b9bd3bc39f0f1f"}, "cgccpf": "***023706**", "municipio": "Belo Horizonte", "responsavel": "Luciene Leão Ávila", "tipo_pessoa": "fisica", "total_captado": 0}, {"UF": "RJ", "nome": "PAULINO GERALDO CABRAL DE MELLO", "_links": {"self": "http://api.salic.cultura.gov.br/v1/proponentes/53e94542d5fc604b0c5f6be4c7382aff53e64513d541dabf650990", "projetos": "http://api.salic.cultura.gov.br/v1/projetos/?proponente_id=53e94542d5fc604b0c5f6be4c7382aff53e64513d541dabf650990"}, "cgccpf": "***026407**", "municipio": "Rio de Janeiro", "responsavel": "Fernando Antonio Vecchi Alzuguir", "tipo_pessoa": "fisica", "total_captado": 0}, {"UF": "CE", "nome": "Cristina Cordeiro de Lima Modenese", "_links": {"self": "http://api.salic.cultura.gov.br/v1/proponentes/3ca8a1f621d7e16cb4204f5ab9dbc15e7d6bf87f4f31b448415755", "projetos": "http://api.salic.cultura.gov.br/v1/projetos/?proponente_id=3ca8a1f621d7e16cb4204f5ab9dbc15e7d6bf87f4f31b448415755"}, "cgccpf": "***030843**", "municipio": "Fortaleza", "responsavel": "CRISTINA CORDEIRO DE LIMA MODENESE", "tipo_pessoa": "fisica", "total_captado": 0}, {"UF": "MT", "nome": "Vanderlei José dos Santos ", "_links": {"self": "http://api.salic.cultura.gov.br/v1/proponentes/23ca704741a468f98e96f048556ef9821c39a1909a5bb8534067f4", "projetos": "http://api.salic.cultura.gov.br/v1/projetos/?proponente_id=23ca704741a468f98e96f048556ef9821c39a1909a5bb8534067f4"}, "cgccpf": "***031851**", "municipio": "Juína", "responsavel": "vanderlei josé dos santos", "tipo_pessoa": "fisica", "total_captado": 0}, {"UF": "DF", "nome": "Vildson Silva de Oliveira", "_links": {"self": "http://api.salic.cultura.gov.br/v1/proponentes/0b708fce90415a5af2ad56c464b6e4528f073291b4e673c57a950d", "projetos": "http://api.salic.cultura.gov.br/v1/projetos/?proponente_id=0b708fce90415a5af2ad56c464b6e4528f073291b4e673c57a950d"}, "cgccpf": "***034371**", "municipio": "Brasília", "responsavel": "Vildson Silva de Oliveira", "tipo_pessoa": "fisica", "total_captado": 150000}, {"UF": "PA", "nome": "MOISÉS TAATE ALVES SARRAF", "_links": {"self": "http://api.salic.cultura.gov.br/v1/proponentes/4f2084eb524c1ec99b30ca834300d340029724b389090092a77cf1", "projetos": "http://api.salic.cultura.gov.br/v1/projetos/?proponente_id=4f2084eb524c1ec99b30ca834300d340029724b389090092a77cf1"}, "cgccpf": "***042882**", "municipio": "Ananindeua", "responsavel": "MOISÉS TAATE ALVES SARRAF", "tipo_pessoa": "fisica", "total_captado": 0}, {"UF": "SC", "nome": "JEAN CARLOS BITENCOURT DA SILVA", "_links": {"self": "http://api.salic.cultura.gov.br/v1/proponentes/b7c43d06ba847f230d9497ccff3903a82c3b5f47f4521e9d50f41c", "projetos": "http://api.salic.cultura.gov.br/v1/projetos/?proponente_id=b7c43d06ba847f230d9497ccff3903a82c3b5f47f4521e9d50f41c"}, "cgccpf": "***053169**", "municipio": "Criciúma", "responsavel": "Jean Carlos Bitencourt da Silva", "tipo_pessoa": "fisica", "total_captado": 0}, {"UF": "SP", "nome": "ALMEIDA PRADO EVENTOS E PRODUÇÕES ARTÍSTICAS LTDA. - ME ", "_links": {"self": "http://api.salic.cultura.gov.br/v1/proponentes/346f365071be98ed799c77655c71c3a0ed36c3fc70a76e01cac2187f69ca", "projetos": "http://api.salic.cultura.gov.br/v1/projetos/?proponente_id=346f365071be98ed799c77655c71c3a0ed36c3fc70a76e01cac2187f69ca"}, "cgccpf": "00005957000120", "municipio": "São Paulo", "responsavel": "ELEN CARNEIRO DE ALMEIDA PRADO", "tipo_pessoa": "juridica", "total_captado": 0}, {"UF": "RJ", "nome": "Debora Lembi Neves", "_links": {"self": "http://api.salic.cultura.gov.br/v1/proponentes/d1e0ff1a47497c37f2295f48f7de8e7c64fc59c6b73c6252c385e0", "projetos": "http://api.salic.cultura.gov.br/v1/projetos/?proponente_id=d1e0ff1a47497c37f2295f48f7de8e7c64fc59c6b73c6252c385e0"}, "cgccpf": "***066356**", "municipio": "Rio de Janeiro", "responsavel": "Debora Lembi", "tipo_pessoa": "fisica", "total_captado": 0}, {"UF": "GO", "nome": "Natássia Duarte Garcia Leite de Oliveira", "_links": {"self": "http://api.salic.cultura.gov.br/v1/proponentes/581526898dc6ae880cc02a5f9f669d49da07b3da10ac7910a5d0f3", "projetos": "http://api.salic.cultura.gov.br/v1/projetos/?proponente_id=581526898dc6ae880cc02a5f9f669d49da07b3da10ac7910a5d0f3"}, "cgccpf": "***067841**", "municipio": "Goiânia", "responsavel": "", "tipo_pessoa": "fisica", "total_captado": 0}]}}');
INSERT INTO apis.api_responses (id, description, metadata, data_dictionary, response_example) VALUES (425, 'Busca proponentes dado um id fornecido', null, null, '{"UF": "CE", "nome": "CLAUDEMI PEREIRA DOS SANTOS", "_links": {"self": "http://api.salic.cultura.gov.br/v1/proponentes/e27a32606cdbe92f520b05a4b8816565898c55e13cee047f3934cf", "projetos": "http://api.salic.cultura.gov.br/v1/projetos/?proponente_id=e27a32606cdbe92f520b05a4b8816565898c55e13cee047f3934cf"}, "cgccpf": "***000493**", "municipio": "Fortaleza", "responsavel": "CLAUDEMI PEREIRA DOS SANTOS", "tipo_pessoa": "fisica", "total_captado": 0.0}');


--INSERT INTO TAGS 

INSERT INTO apis.tags (id, name, description) VALUES (16, 'SALIC', 'Tags SALIC');


--INSERT API_TAGS
INSERT INTO apis.api_tags (id, api_id, tag_id) VALUES (19, 15, 16);


