id,endpoints_id,parameter_id,required
639,78,277,N
640,78,278,N
641,78,279,N
642,78,280,N
643,78,281,N
644,78,282,N
645,79,277,N
646,79,278,N
647,79,279,N
648,79,280,N
649,79,281,N
650,79,282,N
651,80,277,N
652,80,278,N
653,80,279,N
654,80,280,N
655,80,281,N
656,80,282,N
657,81,277,N
658,81,278,N
659,81,279,N
660,81,280,N
661,81,281,N
662,81,282,N
663,82,277,N
664,82,278,N
665,82,279,N
666,82,280,N
667,82,281,N
668,82,282,N
669,83,277,N
670,83,278,N
671,83,279,N
672,83,280,N
673,83,281,N
674,83,282,N
675,84,277,N
676,84,278,N
677,84,279,N
678,84,280,N
679,84,281,N
680,84,282,N
681,85,277,N
682,85,278,N
683,85,279,N
684,85,280,N
685,85,281,N
686,85,282,N
687,86,277,N
688,86,278,N
689,86,279,N
690,86,280,N
691,86,281,N
692,86,282,N
693,87,277,N
694,87,278,N
695,87,279,N
696,87,280,N
697,87,281,N
698,87,282,N
699,88,277,N
700,88,278,N
701,88,279,N
702,88,280,N
703,88,281,N
704,88,282,N
705,88,283,S
706,89,277,N
707,89,278,N
708,89,279,N
709,89,280,N
710,89,281,N
711,89,282,N
712,89,283,S
713,90,277,N
714,90,278,N
715,90,279,N
716,90,280,N
717,90,281,N
718,90,282,N
719,91,277,N
720,91,278,N
721,91,279,N
722,91,280,N
723,91,281,N
724,91,282,N
725,92,277,N
726,92,278,N
727,92,279,N
728,92,280,N
729,92,281,N
730,92,282,N
731,93,277,N
732,93,278,N
733,93,279,N
734,93,280,N
735,93,281,N
736,93,282,N
737,94,277,N
738,94,278,N
739,94,279,N
740,94,280,N
741,94,281,N
742,94,282,N
743,95,277,N
744,95,278,N
745,95,279,N
746,95,280,N
747,95,281,N
748,95,282,N
749,96,277,N
750,96,278,N
751,96,279,N
752,96,280,N
753,96,281,N
754,96,282,N
755,97,277,N
756,97,278,N
757,97,279,N
758,97,280,N
759,97,281,N
760,97,282,N
761,98,277,N
762,98,278,N
763,98,279,N
764,98,280,N
765,98,281,N
766,98,282,N
767,99,277,N
768,99,278,N
769,99,279,N
770,99,280,N
771,99,281,N
772,99,282,N
773,100,277,N
774,100,278,N
775,100,279,N
776,100,280,N
777,100,281,N
778,100,282,N
779,101,277,N
780,101,278,N
781,101,279,N
782,101,280,N
783,101,281,N
784,101,282,N
785,102,277,N
786,102,278,N
787,102,279,N
788,102,280,N
789,102,281,N
790,102,282,N
791,103,277,N
792,103,278,N
793,103,279,N
794,103,280,N
795,103,281,N
796,103,282,N
797,104,277,N
798,104,278,N
799,104,279,N
800,104,280,N
801,104,281,N
802,104,282,N
803,105,277,N
804,105,278,N
805,105,279,N
806,105,280,N
807,105,281,N
808,105,282,N
809,106,277,N
810,106,278,N
811,106,279,N
812,106,280,N
813,106,281,N
814,106,282,N
815,107,277,N
816,107,278,N
817,107,279,N
818,107,280,N
819,107,281,N
820,107,282,N
821,108,277,N
822,108,278,N
823,108,279,N
824,108,280,N
825,108,281,N
826,108,282,N
827,109,277,N
828,109,278,N
829,109,279,N
830,109,280,N
831,109,281,N
832,109,282,N
833,109,284,S
834,110,277,N
835,110,278,N
836,110,279,N
837,110,280,N
838,110,281,N
839,110,282,N
840,110,285,S
841,110,286,S
842,111,277,N
843,111,278,N
844,111,279,N
845,111,280,N
846,111,281,N
847,111,282,N
848,111,284,S
849,111,287,S
850,112,277,N
851,112,278,N
852,112,279,N
853,112,280,N
854,112,281,N
855,112,282,N
856,112,285,S
857,112,286,S
858,112,287,S
859,113,277,N
860,113,278,N
861,113,279,N
862,113,280,N
863,113,281,N
864,113,282,N
865,113,284,S
866,113,288,S
867,114,277,N
868,114,278,N
869,114,279,N
870,114,280,N
871,114,281,N
872,114,282,N
873,114,288,S
874,114,289,S
875,114,286,S
876,115,277,N
877,115,278,N
878,115,279,N
879,115,280,N
880,115,281,N
881,115,282,N
882,115,290,S
883,116,277,N
884,116,278,N
885,116,279,N
886,116,280,N
887,116,281,N
888,116,282,N
889,116,291,S
890,117,277,N
891,117,278,N
892,117,279,N
893,117,280,N
894,117,281,N
895,117,282,N
896,117,283,S
897,118,277,N
898,118,278,N
899,118,279,N
900,118,280,N
901,118,281,N
902,118,282,N
903,119,277,N
904,119,278,N
905,119,279,N
906,119,280,N
907,119,281,N
908,119,282,N
909,120,277,N
910,120,278,N
911,120,279,N
912,120,280,N
913,120,281,N
914,120,282,N
915,121,277,N
916,121,278,N
917,121,279,N
918,121,280,N
919,121,281,N
920,121,282,N
921,122,277,N
922,122,278,N
923,122,279,N
924,122,280,N
925,122,281,N
926,122,282,N
927,123,277,N
928,123,278,N
929,123,279,N
930,123,280,N
931,123,281,N
932,123,282,N
933,124,277,N
934,124,278,N
935,124,279,N
936,124,280,N
937,124,281,N
938,124,282,N
939,125,277,N
940,125,278,N
941,125,279,N
942,125,280,N
943,125,281,N
944,125,282,N
945,126,277,N
946,126,278,N
947,126,279,N
948,126,280,N
949,126,281,N
950,126,282,N
951,127,277,N
952,127,278,N
953,127,279,N
954,127,280,N
955,127,281,N
956,127,282,N
957,128,277,N
958,128,278,N
959,128,279,N
960,128,280,N
961,128,281,N
962,128,282,N
963,129,277,N
964,129,278,N
965,129,279,N
966,129,280,N
967,129,281,N
968,129,282,N
969,130,277,N
970,130,278,N
971,130,279,N
972,130,280,N
973,130,281,N
974,130,282,N
975,131,277,N
976,131,278,N
977,131,279,N
978,131,280,N
979,131,281,N
980,131,282,N
981,132,277,N
982,132,278,N
983,132,279,N
984,132,280,N
985,132,281,N
986,132,282,N
987,132,292,S
988,133,277,N
989,133,278,N
990,133,279,N
991,133,280,N
992,133,281,N
993,133,282,N
994,133,292,S
995,134,277,N
996,134,278,N
997,134,279,N
998,134,280,N
999,134,281,N
1000,134,282,N
1001,135,277,N
1002,135,278,N
1003,135,279,N
1004,135,280,N
1005,135,281,N
1006,135,282,N
1007,135,292,S
1008,136,277,N
1009,136,278,N
1010,136,279,N
1011,136,280,N
1012,136,281,N
1013,136,282,N
1014,136,293,S
1015,137,277,N
1016,137,278,N
1017,137,279,N
1018,137,280,N
1019,137,281,N
1020,137,282,N
1021,137,292,S
1022,138,277,N
1023,138,278,N
1024,138,279,N
1025,138,280,N
1026,138,281,N
1027,138,282,N
1028,139,277,N
1029,139,278,N
1030,139,279,N
1031,139,280,N
1032,139,281,N
1033,139,282,N
1034,140,277,N
1035,140,278,N
1036,140,279,N
1037,140,280,N
1038,140,281,N
1039,140,282,N
1040,141,277,N
1041,141,278,N
1042,141,279,N
1043,141,280,N
1044,141,281,N
1045,141,282,N
1046,142,277,N
1047,142,278,N
1048,142,279,N
1049,142,280,N
1050,142,281,N
1051,142,282,N
1052,143,277,N
1053,143,278,N
1054,143,279,N
1055,143,280,N
1056,143,281,N
1057,143,282,N
1058,144,277,N
1059,144,278,N
1060,144,279,N
1061,144,280,N
1062,144,281,N
1063,144,282,N
1064,145,277,N
1065,145,278,N
1066,145,279,N
1067,145,280,N
1068,145,281,N
1069,145,282,N
1070,146,277,N
1071,146,278,N
1072,146,279,N
1073,146,280,N
1074,146,281,N
1075,146,282,N
1076,147,277,N
1077,147,278,N
1078,147,279,N
1079,147,280,N
1080,147,281,N
1081,147,282,N
1082,148,294,S
1083,148,277,N
1084,148,278,N
1085,148,279,N
1086,148,280,N
1087,148,281,N
1088,148,282,N
1089,149,277,N
1090,149,278,N
1091,149,279,N
1092,149,280,N
1093,149,281,N
1094,149,282,N
1095,150,294,S
1096,150,295,S
1097,150,296,S
1098,150,277,N
1099,150,278,N
1100,150,279,N
1101,150,280,N
1102,150,281,N
1103,150,282,N
1104,151,297,N
1105,151,298,N
1106,151,299,N
1107,151,277,N
1108,151,278,N
1109,151,279,N
1110,151,280,N
1111,151,281,N
1112,151,282,N
1113,152,277,N
1114,152,278,N
1115,152,279,N
1116,152,280,N
1117,152,281,N
1118,152,282,N
1119,153,277,N
1120,153,278,N
1121,153,279,N
1122,153,280,N
1123,153,281,N
1124,153,282,N
1125,154,277,N
1126,154,278,N
1127,154,279,N
1128,154,280,N
1129,154,281,N
1130,154,282,N
1131,155,277,N
1132,155,278,N
1133,155,279,N
1134,155,280,N
1135,155,281,N
1136,155,282,N
1137,156,277,N
1138,156,278,N
1139,156,279,N
1140,156,280,N
1141,156,281,N
1142,156,282,N
1143,157,277,N
1144,157,278,N
1145,157,279,N
1146,157,280,N
1147,157,281,N
1148,157,282,N
1149,158,277,N
1150,158,278,N
1151,158,279,N
1152,158,280,N
1153,158,281,N
1154,158,282,N
1155,159,277,N
1156,159,278,N
1157,159,279,N
1158,159,280,N
1159,159,281,N
1160,159,282,N
1161,160,277,N
1162,160,278,N
1163,160,279,N
1164,160,280,N
1165,160,281,N
1166,160,282,N
1167,161,277,N
1168,161,278,N
1169,161,279,N
1170,161,280,N
1171,161,281,N
1172,161,282,N
1173,162,277,N
1174,162,278,N
1175,162,279,N
1176,162,280,N
1177,162,281,N
1178,162,282,N
1179,163,277,N
1180,163,278,N
1181,163,279,N
1182,163,280,N
1183,163,281,N
1184,163,282,N
1185,164,277,N
1186,164,278,N
1187,164,279,N
1188,164,280,N
1189,164,281,N
1190,164,282,N
1191,165,277,N
1192,165,278,N
1193,165,279,N
1194,165,280,N
1195,165,281,N
1196,165,282,N
1197,166,277,N
1198,166,278,N
1199,166,279,N
1200,166,280,N
1201,166,281,N
1202,166,282,N
1203,167,277,N
1204,167,278,N
1205,167,279,N
1206,167,280,N
1207,167,281,N
1208,167,282,N
1209,168,277,N
1210,168,278,N
1211,168,279,N
1212,168,280,N
1213,168,281,N
1214,168,282,N
1215,169,277,N
1216,169,278,N
1217,169,279,N
1218,169,280,N
1219,169,281,N
1220,169,282,N
1221,170,277,N
1222,170,278,N
1223,170,279,N
1224,170,280,N
1225,170,281,N
1226,170,282,N
1227,171,277,N
1228,171,278,N
1229,171,279,N
1230,171,280,N
1231,171,281,N
1232,171,282,N
1233,172,277,N
1234,172,278,N
1235,172,279,N
1236,172,280,N
1237,172,281,N
1238,172,282,N
1239,172,300,S
1240,172,301,S
1241,173,277,N
1242,173,278,N
1243,173,279,N
1244,173,280,N
1245,173,281,N
1246,173,282,N
1247,176,277,N
1248,176,278,N
1249,176,279,N
1250,176,280,N
1251,176,281,N
1252,176,282,N
1253,177,277,N
1254,177,278,N
1255,177,279,N
1256,177,280,N
1257,177,281,N
1258,177,282,N
1259,178,277,N
1260,178,278,N
1261,178,279,N
1262,178,280,N
1263,178,281,N
1264,178,282,N
1265,179,277,N
1266,179,278,N
1267,179,279,N
1268,179,280,N
1269,179,281,N
1270,179,282,N
1271,180,277,N
1272,180,278,N
1273,180,279,N
1274,180,280,N
1275,180,281,N
1276,180,282,N
1277,181,277,N
1278,181,278,N
1279,181,279,N
1280,181,280,N
1281,181,281,N
1282,181,282,N
1283,181,302,N
1284,182,277,N
1285,182,278,N
1286,182,279,N
1287,182,280,N
1288,182,281,N
1289,182,282,N
1290,183,277,N
1291,183,278,N
1292,183,279,N
1293,183,280,N
1294,183,281,N
1295,183,282,N
1296,184,277,N
1297,184,278,N
1298,184,279,N
1299,184,280,N
1300,184,281,N
1301,184,282,N
1302,185,277,N
1303,185,278,N
1304,185,279,N
1305,185,280,N
1306,185,281,N
1307,185,282,N
1308,186,277,N
1309,186,278,N
1310,186,279,N
1311,186,280,N
1312,186,281,N
1313,186,282,N
1314,187,277,N
1315,187,278,N
1316,187,279,N
1317,187,280,N
1318,187,281,N
1319,187,282,N
1320,188,277,N
1321,188,278,N
1322,188,279,N
1323,188,280,N
1324,188,281,N
1325,188,282,N
1326,189,277,N
1327,189,278,N
1328,189,279,N
1329,189,280,N
1330,189,281,N
1331,189,282,N
1332,190,277,N
1333,190,278,N
1334,190,279,N
1335,190,280,N
1336,190,281,N
1337,190,282,N
1338,191,277,N
1339,191,278,N
1340,191,279,N
1341,191,280,N
1342,191,281,N
1343,191,282,N
1344,192,277,N
1345,192,278,N
1346,192,279,N
1347,192,280,N
1348,192,281,N
1349,192,282,N
1350,192,303,S
1351,192,304,S
1352,192,305,S
1353,192,306,S
1354,193,277,N
1355,193,278,N
1356,193,279,N
1357,193,280,N
1358,193,281,N
1359,193,282,N
1360,193,307,S
1361,193,308,S
1362,194,277,N
1363,194,278,N
1364,194,279,N
1365,194,280,N
1366,194,281,N
1367,194,282,N
1368,195,277,N
1369,195,278,N
1370,195,279,N
1371,195,280,N
1372,195,281,N
1373,195,282,N
1374,196,277,N
1375,196,278,N
1376,196,279,N
1377,196,280,N
1378,196,281,N
1379,196,282,N
1380,196,293,S
1381,196,309,S
1382,197,277,N
1383,197,278,N
1384,197,279,N
1385,197,280,N
1386,197,281,N
1387,197,282,N
1388,198,277,N
1389,198,278,N
1390,198,279,N
1391,198,280,N
1392,198,281,N
1393,198,282,N
1394,198,293,S
1395,198,310,S
1396,198,311,S
1397,199,277,N
1398,199,278,N
1399,199,279,N
1400,199,280,N
1401,199,281,N
1402,199,282,N
1403,200,277,N
1404,200,278,N
1405,200,279,N
1406,200,280,N
1407,200,281,N
1408,200,282,N
1409,201,277,N
1410,201,278,N
1411,201,279,N
1412,201,280,N
1413,201,281,N
1414,201,282,N
1415,202,277,N
1416,202,278,N
1417,202,279,N
1418,202,280,N
1419,202,281,N
1420,202,282,N
1421,203,312,S
1422,204,313,S
1423,205,314,S
1424,206,277,N
1425,206,278,N
1426,206,279,N
1427,206,280,N
1428,206,281,N
1429,206,282,N
1430,207,277,N
1431,207,278,N
1432,207,279,N
1433,207,280,N
1434,207,281,N
1435,207,282,N
1436,207,315,S
1437,207,316,S
1438,208,277,N
1439,208,278,N
1440,208,279,N
1441,208,280,N
1442,208,281,N
1443,208,282,N
1444,209,277,N
1445,209,278,N
1446,209,279,N
1447,209,280,N
1448,209,281,N
1449,209,282,N
1450,209,317,S
1451,210,277,N
1452,210,278,N
1453,210,279,N
1454,210,280,N
1455,210,281,N
1456,210,282,N
1457,210,318,S
1458,211,277,N
1459,211,278,N
1460,211,279,N
1461,211,280,N
1462,211,281,N
1463,211,282,N
1464,211,318,S
1465,212,277,N
1466,212,278,N
1467,212,279,N
1468,212,280,N
1469,212,281,N
1470,212,282,N
1471,212,318,S
1472,213,277,N
1473,213,278,N
1474,213,279,N
1475,213,280,N
1476,213,281,N
1477,213,282,N
1478,213,318,S
1479,214,277,N
1480,214,278,N
1481,214,279,N
1482,214,280,N
1483,214,281,N
1484,214,282,N
1485,214,318,S
1486,215,277,N
1487,215,278,N
1488,215,279,N
1489,215,280,N
1490,215,281,N
1491,215,282,N
1492,215,318,S
1493,215,319,S
1494,216,277,N
1495,216,278,N
1496,216,279,N
1497,216,280,N
1498,216,281,N
1499,216,282,N
1500,217,277,N
1501,217,278,N
1502,217,279,N
1503,217,280,N
1504,217,281,N
1505,217,282,N
1506,218,277,N
1507,218,278,N
1508,218,279,N
1509,218,280,N
1510,218,281,N
1511,218,282,N
1512,218,320,S
1513,219,277,N
1514,219,278,N
1515,219,279,N
1516,219,280,N
1517,219,281,N
1518,219,282,N
1519,219,321,S
1520,219,322,S
1521,220,277,N
1522,220,278,N
1523,220,279,N
1524,220,280,N
1525,220,281,N
1526,220,282,N
1527,221,277,N
1528,221,278,N
1529,221,279,N
1530,221,280,N
1531,221,281,N
1532,221,282,N
1533,222,277,N
1534,222,278,N
1535,222,279,N
1536,222,280,N
1537,222,281,N
1538,222,282,N
1539,222,320,S
1540,222,323,S
1541,223,277,N
1542,223,278,N
1543,223,279,N
1544,223,280,N
1545,223,281,N
1546,223,282,N
1547,224,277,N
1548,224,278,N
1549,224,279,N
1550,224,280,N
1551,224,281,N
1552,224,282,N
1553,224,320,S
1554,224,321,S
1555,225,277,N
1556,225,278,N
1557,225,279,N
1558,225,280,N
1559,225,281,N
1560,225,282,N
1561,226,277,N
1562,226,278,N
1563,226,279,N
1564,226,280,N
1565,226,281,N
1566,226,282,N
1567,226,324,S
1568,227,277,N
1569,227,278,N
1570,227,279,N
1571,227,280,N
1572,227,281,N
1573,227,282,N
1574,227,325,S
1575,227,326,S
1576,228,277,N
1577,228,278,N
1578,228,279,N
1579,228,280,N
1580,228,281,N
1581,228,282,N
1582,228,324,S
1583,228,327,S
1584,229,277,N
1585,229,278,N
1586,229,279,N
1587,229,280,N
1588,229,281,N
1589,229,282,N
1590,229,325,S
1591,229,326,S
1592,229,327,S
1593,230,277,N
1594,230,278,N
1595,230,279,N
1596,230,280,N
1597,230,281,N
1598,230,282,N
1599,230,324,S
1600,230,328,S
1601,231,277,N
1602,231,278,N
1603,231,279,N
1604,231,280,N
1605,231,281,N
1606,231,282,N
1607,231,328,S
1608,231,326,S
1609,231,329,S
1610,232,277,N
1611,232,278,N
1612,232,279,N
1613,232,280,N
1614,232,281,N
1615,232,282,N
1616,233,277,N
1617,233,278,N
1618,233,279,N
1619,233,280,N
1620,233,281,N
1621,233,282,N
1622,234,277,N
1623,234,278,N
1624,234,279,N
1625,234,280,N
1626,234,281,N
1627,234,282,N
1628,235,277,N
1629,235,278,N
1630,235,279,N
1631,235,280,N
1632,235,281,N
1633,235,282,N
1634,236,277,N
1635,236,278,N
1636,236,279,N
1637,236,280,N
1638,236,281,N
1639,236,282,N
1640,237,277,N
1641,237,278,N
1642,237,279,N
1643,237,280,N
1644,237,281,N
1645,237,282,N
1646,238,277,N
1647,238,278,N
1648,238,279,N
1649,238,280,N
1650,238,281,N
1651,238,282,N
1652,238,330,S
1828,285,413,N
1829,285,414,N
1830,285,415,N
1831,285,416,N
1832,285,417,N
1833,285,418,N
1834,285,419,N
1835,285,420,N
1836,285,421,N
1837,285,422,N
1838,285,423,N
1839,285,424,N
1840,285,425,N
1841,285,426,N
1842,285,427,N
1843,285,428,N
1844,285,429,N
1845,285,430,N
1846,285,431,N
1847,285,432,N
1848,285,433,N
1849,286,429,N
1850,286,430,N
1851,286,431,N
1852,286,434,N
1853,286,435,N
1854,286,436,N
1855,286,437,N
1856,286,438,N
1857,286,439,N
1858,286,440,N
1859,286,441,N
1860,286,442,N
1861,286,443,N
1862,287,444,S
1863,288,444,S
1864,288,445,S
1865,289,446,N
1866,289,447,N
1867,289,448,N
1868,289,449,N
1869,289,450,N
1870,289,451,N
1871,289,452,N
1872,289,453,N
1873,289,454,N
1874,289,455,N
1875,289,456,N
1876,289,457,N
1877,289,458,N
1878,289,459,N
1879,289,460,N
1880,289,461,N
1881,289,462,N
1882,289,463,N
1883,289,464,N
1884,289,465,N
1885,289,429,N
1886,289,430,N
1887,289,431,N
1888,289,466,N
1889,289,467,N
1890,289,468,N
1891,289,469,N
1892,289,470,N
1893,289,471,N
1894,289,472,N
1895,290,444,S
1896,290,429,N
1897,290,430,N
1898,290,431,N
1899,291,444,S
1900,291,429,N
1901,291,430,N
1902,291,431,N
1903,292,473,N
1904,292,429,N
1905,292,430,N
1906,292,431,N
1907,294,444,S
1908,294,429,N
1909,294,430,N
1910,294,431,N
1911,295,444,S
1912,296,444,S
1913,296,474,S
1914,297,444,S
1915,297,475,S
1916,298,444,s
1917,300,444,s
1918,300,476,s
1919,300,429,N
1920,300,430,N
1921,300,431,N
1922,301,477,N
1923,301,478,N
1924,301,479,N
1925,301,480,N
1926,301,481,N
1927,301,448,N
1928,301,449,N
1929,301,450,N
1930,301,482,N
1931,301,483,N
1932,301,484,N
1933,301,485,N
1934,301,486,N
1935,301,487,N
1936,301,457,N
1937,301,444,N
1938,301,488,N
1939,301,489,N
1940,301,459,N
1941,301,490,N
1942,301,461,N
1943,301,465,N
1944,301,429,N
1945,301,430,N
1946,301,431,N
1947,301,491,N
1948,301,492,N
1949,301,493,N
1950,301,494,N
1951,301,495,N
1952,301,496,N
1953,301,497,N
1954,301,498,N
1955,301,499,N
1956,301,500,N
1957,301,501,N
1958,301,502,N
1959,301,503,N
1960,301,504,N
1961,301,505,N
1962,301,506,N
1963,301,471,N
1964,301,472,N
1965,301,507,N
1966,301,508,N
1967,301,509,N
1968,301,510,N
1969,301,511,N
1970,301,512,N
1971,301,513,N
1972,302,444,S
1973,302,429,N
1974,302,430,N
1975,302,431,N
1976,303,444,S
1977,303,429,N
1978,303,430,N
1979,303,431,N
1980,304,444,S
1981,304,429,N
1982,304,430,N
1983,304,431,N
1984,305,444,S
1985,305,429,N
1986,305,430,N
1987,305,431,N
1988,306,444,S
1989,306,429,N
1990,306,430,N
1991,306,431,N
1992,307,444,S
1993,307,429,N
1994,307,430,N
1995,307,431,N
1996,308,444,S
1997,308,429,N
1998,308,430,N
1999,308,431,N
2000,309,444,S
2001,309,429,N
2002,309,430,N
2003,309,431,N
2004,310,444,S
2005,310,429,N
2006,310,430,N
2007,310,431,N
2008,311,444,S
2009,311,429,N
2010,311,430,N
2011,311,431,N
2012,312,444,S
2013,313,444,S
2014,313,514,S
2015,314,444,S
2016,314,515,S
2017,315,444,S
2018,315,516,S
2019,316,444,S
2020,316,517,S
2021,317,444,S
2022,317,518,S
2023,318,444,S
2024,318,519,S
2025,319,444,S
2026,319,520,S
2027,320,444,S
2028,320,521,S
2029,321,444,S
2030,321,522,S
2031,322,444,S
2032,322,523,S
2033,323,429,N
2034,323,430,N
2035,323,431,N
2036,323,525,N
2037,324,429,N
2038,324,430,N
2039,324,431,N
2040,324,525,N
2041,324,524,N
2042,325,429,N
2043,325,430,N
2044,325,431,N
2045,325,526,N
2046,325,527,N
2047,325,528,N
2048,325,529,N
2049,325,530,N
2050,325,531,N
2051,325,532,N
2052,325,533,N
2053,325,534,N
2054,325,535,N
2055,325,536,N
2056,325,537,N
2057,325,538,N
2058,325,539,N
2059,325,540,N
2060,326,429,N
2061,326,430,N
2062,326,431,N
2063,326,526,N
2064,326,541,N
2065,326,542,N
2066,326,537,N
2067,326,543,N
2068,327,429,N
2069,327,430,N
2070,327,431,N
2071,327,526,N
2072,327,544,N
2073,327,537,N
2074,327,540,N
2075,328,429,N
2076,328,430,N
2077,328,431,N
2078,328,526,N
2079,328,545,N
2080,328,546,N
2081,329,547,N
2082,329,548,N
2083,329,549,N
2084,329,550,N
2085,329,551,N
2086,329,552,N
2087,329,553,N
2088,329,554,N
2089,329,555,N
2090,329,556,N
2091,329,557,N
2092,329,558,N
2093,329,559,N
2094,329,560,N
2095,329,561,N
2096,329,562,N
2097,329,563,N
2098,329,564,N
2099,329,565,N
2100,330,558,N
2101,330,559,N
2102,330,560,N
2103,330,546,N
2104,331,558,N
2105,331,559,N
2106,331,560,N
2107,331,546,N
2108,332,558,N
2109,332,559,N
2110,332,560,N
2111,332,546,N
2112,332,526,N
2113,333,558,N
2114,333,559,N
2115,333,560,N
2116,333,546,N
2117,334,566,S
2118,335,566,S
2119,336,566,S
2120,337,567,S
2121,338,566,S
2122,339,566,S
2123,340,566,S
2124,341,566,S
2125,342,566,S
2126,343,566,S
2127,344,566,S
2128,345,566,S
2129,346,568,N
2130,346,569,N
2131,346,570,N
2132,346,571,N
2133,346,572,N
2134,346,573,N
2135,346,574,N
2136,346,575,N
2137,346,576,N
2138,346,577,N
2139,346,578,N
2140,346,579,N
2141,346,580,N
2142,346,581,N
2143,346,582,N
2144,346,583,N
2145,346,584,N
2146,346,585,N
2147,346,586,N
2148,346,587,N
2149,346,588,N
2150,346,589,N
2151,346,590,N
2152,346,591,N
2153,347,592,N
2154,347,593,N
2155,347,594,N
2156,347,595,N
2157,348,596,S
2158,348,597,S
2159,348,598,N
2160,348,599,N
2161,348,600,N
2162,349,601,N
2163,349,602,N
2164,349,603,N
2165,349,604,N
2166,349,605,N
2167,349,606,N
2168,349,607,N
2169,349,608,N
2170,349,609,N
2171,349,610,N
2172,349,611,N
2173,349,612,N
2174,349,613,N
2175,349,614,N
2176,349,615,N
2177,349,616,N
2178,349,617,N
2179,349,618,N
2180,349,619,N
2181,349,620,N
2182,349,621,N
2183,349,622,N
2184,349,623,N
2185,349,624,N
2186,349,625,N
2187,349,626,N
2188,349,627,N
2189,349,628,N
2190,349,629,N
2191,349,630,N
2192,349,631,N
2193,349,632,N
2194,349,633,N
2195,349,634,N
2196,349,635,N
2197,349,636,N
2198,349,637,N
2199,349,638,N
2200,349,639,N
2201,349,640,N
2202,350,641,N
2203,350,642,N
2204,350,643,N
2205,350,644,N
2206,350,645,N
2207,350,646,N
2208,350,647,N
2209,351,648,N
2210,351,649,N
2211,351,650,N
2212,351,651,N
2213,352,652,N
2214,352,653,N
2215,352,654,N
2216,352,655,N
2217,352,656,N
2218,352,657,N
2219,352,658,N
2220,352,659,N
2221,352,660,N
2222,353,661,N
2223,353,662,N
2224,353,663,N
2225,353,664,N
2226,353,665,N
2227,353,666,N
2228,353,667,N
2229,353,668,N
2230,353,669,N
2231,353,670,N
2232,354,671,N
2233,354,672,N
2234,354,673,N
2235,354,674,N
2236,355,675,N
2237,355,676,N
2238,355,677,N
2239,355,678,N
2240,355,679,N
2241,355,680,N
2242,355,681,N
2243,355,682,N
2244,355,683,N
2245,355,684,N
2246,355,685,N
2247,355,686,N
2248,355,687,N
2249,355,688,N
2250,355,689,N
2251,355,690,N
2252,355,691,N
2253,355,692,N
2254,355,693,N
2255,356,694,S
2256,356,695,N
2257,356,696,N
2258,356,697,N
2259,357,698,S
2260,357,699,S
2261,357,700,N
2262,357,701,N
2263,357,702,N
2264,358,703,S
2265,358,704,S
2266,358,705,S
2267,358,706,N
2268,358,707,N
2269,358,708,N
2270,359,709,N
2271,359,710,N
2272,359,711,N
2273,359,712,N
2274,359,713,N
2275,359,714,N
2276,359,715,N
2277,359,716,N
2278,359,717,N
2279,359,718,N
2280,359,719,N
2281,360,720,N
2282,360,721,N
2283,360,722,N
2284,360,723,N
2285,360,724,N
2286,360,725,N
2287,360,726,N
2288,360,727,N
2289,360,728,N
2290,360,729,N
2291,360,730,N
2292,360,731,N
2293,360,732,N
2294,360,733,N
2295,360,734,N
2296,360,735,N
2297,360,736,N
2298,360,737,N
2299,360,738,N
2300,360,739,N
2301,360,740,N
2302,360,741,N
2303,360,742,N
2304,360,743,N
2305,360,744,N
2306,360,745,N
2307,360,746,N
2308,360,747,N
2309,360,748,N
2310,360,749,N
2311,360,750,N
2312,360,751,N
2313,360,752,N
2314,360,753,N
2315,360,754,N
2316,360,755,N
2317,360,756,N
2318,360,757,N
2319,360,758,N
2320,360,759,N
2321,360,760,N
2322,361,761,S
2323,362,762,S
2324,362,763,S
2325,363,764,S
2326,363,765,S
2327,363,766,S
2328,364,767,S
2329,365,768,S
2330,365,769,S
2331,366,770,S
2332,367,771,S
2333,368,772,S
2334,369,773,S
2335,369,774,S
2336,370,775,S
2337,371,776,S
2338,371,777,S
2339,372,778,S
2340,372,779,S
2341,372,780,S
2342,373,781,S
2343,373,782,S
2344,373,783,S
2345,373,784,S
2346,374,785,S
2347,375,786,S
2348,376,787,N
2349,376,788,N
2350,376,789,N
2351,376,790,N
2352,376,791,N
2353,376,792,N
2354,376,793,N
2355,376,794,N
2356,376,795,N
2357,377,796,N
2358,377,797,N
2359,377,798,N
2360,377,799,N
2361,377,800,N
2362,377,801,N
2363,377,802,N
2364,377,803,N
2365,377,804,N
2366,378,805,N
2367,378,806,N
2368,378,807,N
2369,378,808,N
2370,378,809,N
2371,378,810,N
2372,378,811,N
2373,378,812,N
2374,378,813,N
2375,379,814,N
2376,379,815,N
2377,379,816,N
2378,379,817,N
2379,379,818,N
2380,379,819,N
2381,379,820,N
2382,379,821,N
2383,379,822,N
2384,380,823,N
2385,380,824,N
2386,380,825,N
2387,380,826,N
2388,380,827,N
2389,380,828,N
2390,380,829,N
2391,380,830,N
2392,380,831,N
2393,381,832,S
2394,381,833,N
2395,381,834,N
2396,381,835,N
2397,382,836,S
2398,383,837,S
2399,383,838,S
2400,384,839,N
2401,384,840,N
2402,384,841,N
2403,384,842,N
2404,384,843,N
2405,385,844,N
2406,385,845,N
2407,385,846,N
2408,385,847,N
2409,386,848,N
2410,386,849,N
2411,386,850,N
2412,386,851,N
2413,386,852,N
2414,387,853,N
2415,387,854,N
2416,387,855,N
2417,387,856,N
2418,387,857,N
2419,387,858,N
2420,387,859,N
2421,387,860,N
2422,387,861,N
2423,388,862,S
2424,389,863,S
2425,390,864,S
2426,391,865,S
2427,392,866,N
2428,392,867,N
2429,392,868,N
2430,392,869,N
2431,392,870,N
2432,392,871,N
2433,392,872,N
2434,392,873,N
2435,392,874,N
2436,392,875,N
2437,392,876,N
2438,392,877,N
2439,392,878,N
2440,392,879,N
2441,393,880,S
2442,393,881,N
2443,393,882,N
2444,393,883,N
2445,394,884,N
2446,394,885,N
2447,394,886,N
2448,394,887,N
2449,395,888,N
2450,395,889,N
2451,395,890,N
2452,395,891,N
2453,395,892,N
2454,396,893,N
2455,396,894,N
2456,396,895,N
2457,396,896,N
2458,396,897,N
2459,397,898,N
2460,397,899,N
2461,397,900,N
2462,397,901,N
2463,397,902,N
2464,398,903,N
2465,398,904,N
2466,398,905,N
2467,398,906,N
2468,398,907,N
2469,399,908,N
2470,399,909,N
2471,399,910,N
2472,399,911,N
2473,399,912,N
2474,399,913,N
2475,399,914,N
2476,399,915,N
2477,399,916,N
2478,399,917,N
2479,400,918,S
2480,401,919,S
2481,402,920,S
2482,403,921,S
2483,404,922,S
2484,405,923,S
1748,272,359,S
1749,275,360,S
1750,276,360,N
1751,276,361,N
1752,276,362,N
1753,276,363,N
1754,276,364,N
1755,276,365,N
1756,276,366,N
1757,276,367,N
1758,277,368,S
1759,278,366,N
1760,278,367,N
1761,278,369,N
1762,278,370,N
1763,278,371,N
1764,278,372,N
1765,278,373,N
1766,278,374,N
1767,278,375,N
1768,278,376,N
1769,278,377,N
1770,278,378,N
1771,278,379,N
1772,278,380,N
1773,278,381,N
1774,278,382,N
1775,278,383,N
1776,278,384,N
1777,278,385,N
1778,279,369,N
1779,279,370,N
1780,279,371,N
1781,279,386,N
1782,279,373,N
1783,279,387,N
1784,279,388,N
1785,279,389,N
1786,279,390,N
1787,279,391,N
1788,279,392,N
1789,279,382,N
1790,279,383,N
1791,279,384,N
1792,279,385,N
1793,279,393,N
1794,279,394,N
1795,279,366,N
1796,279,367,N
1797,280,369,N
1798,280,370,N
1799,280,371,N
1800,280,372,N
1801,280,395,N
1802,280,396,N
1803,280,397,N
1804,280,398,N
1805,280,390,N
1806,280,399,N
1807,280,400,N
1808,280,366,N
1809,280,367,N
1810,281,373,N
1811,281,370,N
1812,281,368,N
1813,281,401,N
1814,281,402,N
1815,281,403,N
1816,281,405,N
1817,281,406,N
1818,281,407,N
1819,281,366,N
1820,281,367,N
1821,282,366,N
1822,282,367,N
1823,282,408,N
1824,282,409,N
1825,282,410,N
1826,283,411,S
1653,239,331,N
1654,240,332,S
1655,242,333,S
1656,243,333,S
1657,244,334,S
1658,244,335,S
1659,245,333,S
1660,246,334,S
1661,246,335,S
1662,247,333,S
1663,248,333,S
1664,248,336,S
1665,249,333,S
616,53,265,S
617,55,265,S
618,57,265,S
619,61,265,S
620,62,266,S
621,62,267,S
622,62,268,N
623,62,269,N
624,63,266,S
625,63,267,S
626,63,268,N
627,63,269,N
628,63,270,S
629,64,271,N
630,65,265,S
631,67,272,S
632,68,272,S
633,69,272,S
634,70,272,S
635,73,273,S
636,75,274,S
637,77,275,S
638,77,276,S
2600,426,963,N
2601,426,964,N
2602,426,965,N
2603,426,966,N
2604,426,967,N
2605,426,968,N
2606,427,969,S
2607,428,963,N
2608,428,970,N
2609,428,964,N
2610,428,971,N
2611,428,972,N
2612,428,973,N
2613,428,965,N
2614,428,966,N
2615,428,974,N
2616,428,975,N
2617,428,967,N
2618,428,968,N
2619,429,976,S
2620,430,976,S
2621,430,964,N
2622,430,977,N
2623,430,978,N
2624,430,979,N
2625,430,965,N
2626,430,966,N
2627,430,967,N
2628,430,968,N
2629,431,976,S
2630,431,964,N
2631,431,974,N
2632,431,975,N
2633,431,968,N
2634,431,967,N
2635,431,966,N
2636,431,965,N
2637,432,976,S
2638,432,974,N
2639,432,975,N
2640,432,965,N
2641,432,966,N
2642,432,967,N
2643,432,968,N
2644,433,976,S
2645,434,976,S
2646,434,974,N
2647,434,975,N
2648,435,976,S
2649,436,976,S
2650,437,976,S
2651,437,974,N
2652,437,975,N
2653,437,965,N
2654,437,966,N
2655,437,967,N
2656,437,968,N
2657,438,976,S
2658,439,976,S
2659,439,965,N
2660,439,966,N
2661,440,976,S
2662,440,974,N
2663,440,975,N
2664,443,963,N
2665,443,980,N
2666,443,981,N
2667,443,982,N
2668,443,983,N
2669,443,974,N
2670,443,975,N
2671,443,984,N
2672,443,985,N
2673,443,965,N
2674,443,966,N
2675,443,967,N
2676,443,968,N
2677,444,986,S
2678,445,987,S
2679,446,987,S
2680,447,987,S
2681,448,986,S
2682,453,964,N
2683,453,965,N
2684,453,966,N
2685,454,976,S
2686,455,976,S
2687,456,965,N
2688,456,966,N
2689,456,967,N
2690,456,968,N
2691,457,988,S
2692,458,989,S
2693,459,990,S
2694,459,974,N
2695,459,975,N
2696,459,967,N
2697,459,968,N
2698,460,963,N
2699,460,991,N
2700,460,965,N
2701,460,966,N
2702,460,967,N
2703,460,968,N
2704,461,992,S
2705,462,992,S
2706,462,965,N
2707,462,966,N
2708,463,992,S
2709,463,974,N
2710,463,975,N
2711,464,993,N
2712,464,974,N
2713,464,975,N
2714,464,964,N
2715,464,965,N
2716,464,966,N
2717,464,967,N
2718,464,968,N
2719,465,994,S
2720,466,994,S
2721,466,965,N
2722,466,966,N
2723,467,994,S
2724,467,974,N
2725,467,975,N
2726,467,964,N
2727,467,967,N
2728,467,968,N
2729,467,966,N
2730,467,965,N
2731,468,963,N
2732,468,995,N
2733,468,996,N
2734,468,977,N
2735,468,997,N
2736,468,998,N
2737,468,999,N
2738,468,1000,N
2739,468,1001,N
2740,468,1002,N
2741,468,1003,N
2742,468,974,N
2743,468,975,N
2744,468,1004,N
2745,468,1005,N
2746,468,1006,N
2747,468,965,N
2748,468,966,N
2749,468,967,N
2750,468,968,N
2751,469,1007,S
2752,470,1008,S
2753,471,1007,S
2754,472,1007,S
2755,473,1007,S
2756,473,974,N
2757,473,975,N
2758,474,967,N
2759,474,968,N
2760,474,1007,S
2761,511,963,N
2762,511,1009,N
2763,511,1010,N
2764,511,983,N
2765,511,974,N
2766,511,975,N
2767,511,965,N
2768,511,966,N
2769,511,967,N
2770,511,968,N
2771,512,1011,S
2772,513,1011,S
2773,514,1011,S
2774,515,963,N
2775,515,993,N
2776,515,982,N
2777,515,974,N
2778,515,975,N
2779,515,965,N
2780,515,966,N
2781,515,967,N
2782,515,968,N
2783,516,1012,S
2784,517,1012,S
2785,517,1013,N
2786,517,974,N
2787,517,975,N
2788,517,965,N
2789,517,966,N
2790,517,967,N
2791,517,968,N
2792,518,1012,S
2793,518,974,N
2794,518,975,N
2795,518,965,N
2796,518,966,N
2797,519,1012,S
2798,519,1009,N
2799,519,974,N
2800,519,975,N
2801,519,965,N
2802,519,966,N
2803,519,967,N
2804,519,968,N
2805,522,1014,S
2806,522,965,N
2807,522,966,N
2808,523,1015,S
2809,523,965,N
2810,523,966,N
1827,284,412,N
2485,406,924,S
2486,406,925,S
2487,406,926,N
2488,406,927,N
2489,406,928,N
2490,406,929,S
2491,406,930,N
2492,407,924,S
2493,407,925,S
2494,407,931,S
2495,407,932,N
2496,407,933,N
2497,407,934,N
2498,407,935,N
2499,407,927,N
2500,407,936,N
2501,407,929,S
2502,407,930,N
2503,408,925,S
2504,408,931,N
2505,408,933,N
2506,408,934,N
2507,408,935,N
2508,408,927,N
2509,408,936,N
2510,408,929,S
2511,408,930,N
2512,409,924,S
2513,409,925,S
2514,409,936,N
2515,409,935,N
2516,409,927,N
2517,409,929,S
2518,409,930,N
2519,410,937,S
2520,410,936,S
2521,410,938,N
2522,410,935,N
2523,410,929,S
2524,410,930,N
2525,411,937,S
2526,411,938,S
2527,411,929,S
2528,411,930,N
3152,620,1176,S
3153,621,1176,S
3154,621,1177,S
3155,622,1176,S
3156,623,1176,S
3157,623,1177,S
3158,624,1178,N
3159,624,1179,N
3160,624,1180,N
3161,624,1181,S
3162,625,1177,S
3163,627,1177,S
3164,628,1182,S
3165,629,1177,S
3166,630,1176,S
3167,632,1183,N
3168,632,1181,S
3169,633,1176,S
3170,634,1180,N
1,45,253,S
2,46,254,N
3,46,255,N
4,46,256,N
5,46,257,N
6,46,258,N
7,46,259,N
8,46,260,N
9,46,261,S
10,47,253,S
11,48,254,N
12,48,256,N
13,48,257,N
14,48,258,N
15,48,259,N
16,48,260,N
17,48,262,N
18,49,263,S
19,50,264,N
20,50,263,N
21,50,258,N
22,50,259,N
23,50,260,N
273,17,49,N
274,17,46,N
275,17,47,N
276,17,48,N
277,17,110,N
278,17,111,N
279,17,112,N
280,17,113,N
281,17,114,N
282,17,115,N
283,17,116,N
284,17,109,N
285,18,1,N
286,18,2,N
287,18,3,N
288,18,85,N
289,18,31,N
290,18,86,N
291,18,87,N
292,18,88,N
293,18,49,N
294,18,46,N
295,18,47,N
296,18,48,N
297,18,110,N
298,18,111,N
299,18,112,N
300,18,113,N
301,18,114,N
302,18,115,N
303,18,116,N
304,18,109,N
24,1,1,N
25,1,2,N
26,1,3,N
27,1,4,N
28,1,5,N
29,1,6,N
30,1,7,N
31,1,8,N
32,1,9,N
33,1,10,N
34,1,11,N
35,1,12,N
36,1,13,N
37,1,14,N
38,1,15,N
39,1,16,N
40,1,17,N
41,1,18,N
42,2,1,N
43,2,2,N
44,2,3,N
45,2,19,N
46,2,5,N
47,2,20,N
48,2,21,N
49,2,22,N
50,2,23,N
51,2,24,N
52,2,25,N
53,2,26,N
54,2,27,N
55,2,28,N
56,2,29,N
57,2,30,N
58,3,1,N
59,3,2,N
60,3,3,N
61,3,4,N
62,3,5,N
63,3,31,N
64,3,32,N
65,3,33,N
66,3,34,N
67,3,35,N
68,3,36,N
69,3,37,N
70,3,38,N
71,3,39,N
72,3,40,N
73,3,41,N
74,4,1,N
75,4,2,N
76,4,3,N
77,4,4,N
78,4,5,N
79,4,31,N
80,4,42,N
81,4,43,N
82,4,20,N
83,4,21,N
84,4,44,N
85,4,24,N
86,4,45,N
87,5,1,N
88,5,3,N
89,5,2,N
90,5,4,N
91,5,5,N
92,5,31,N
93,5,46,N
94,5,47,N
95,5,48,N
96,5,49,N
97,5,50,N
98,5,51,N
2811,524,1016,S
2812,524,1017,S
2813,524,1018,S
2814,524,1019,S
2815,524,1020,S
2816,524,1021,S
2817,525,1022,S
2818,526,1023,S
2819,526,1021,S
2820,528,1024,N
2821,528,1025,N
2822,528,1026,N
2823,528,1027,N
2824,528,1021,S
2825,529,1028,N
2826,529,1029,N
2827,529,1030,N
2828,529,1031,N
2829,529,1032,N
2830,529,1021,S
2831,530,1033,N
2832,530,1034,N
2833,530,1035,N
2834,530,1036,N
2835,530,1037,N
2836,530,1038,N
2837,530,1039,N
2838,530,1021,N
2839,531,1040,S
2840,532,1040,N
2841,532,1035,N
2842,532,1041,N
2843,532,1021,S
2844,533,1042,N
2845,533,1043,N
2846,533,1033,N
2847,533,1044,N
2848,533,1021,S
2849,534,1021,S
2850,535,1021,S
2851,535,1035,N
2852,535,1036,N
2853,535,1045,N
2854,535,1039,N
2855,535,1046,N
2856,535,1047,N
2857,535,1048,N
2858,535,1049,N
2859,536,1041,S
2860,536,1050,S
2861,536,1021,S
2862,537,1051,S
2863,537,1021,S
2864,538,1041,S
2865,538,1050,S
2866,538,1021,S
2867,539,1041,S
2868,539,1050,S
2869,539,1021,S
2870,540,1051,S
2871,540,1021,S
2872,541,1041,S
2873,541,1050,S
2874,541,1021,S
2875,542,1041,S
2876,542,1050,S
2877,542,1021,S
2878,543,1051,S
2879,543,1021,S
2880,544,1041,S
2881,544,1050,S
2882,544,1021,S
2883,545,1041,S
2884,545,1050,S
2885,545,1021,S
2886,546,1051,S
2887,546,1021,S
2888,547,1041,S
2889,547,1050,S
2890,547,1021,S
2891,548,1052,S
2892,548,1053,N
2893,548,1054,N
2894,548,1021,S
2895,549,1041,S
2896,549,1050,S
2897,549,1021,S
2898,550,1041,S
2899,550,1050,S
2900,550,1021,S
2901,551,1052,S
2902,551,1053,N
2903,551,1054,N
2904,551,1021,S
2905,552,1041,S
2906,552,1050,S
2907,552,1021,S
2908,553,1041,S
2909,553,1050,S
2910,553,1021,S
2911,554,1055,N
2912,554,1056,N
2913,554,1021,S
2914,555,1041,S
2915,555,1050,S
2916,555,1021,S
2917,556,1052,S
2918,556,1053,N
2919,556,1054,N
2920,556,1021,S
2921,557,1041,S
2922,557,1050,S
2923,557,1021,S
2924,558,1041,S
2925,558,1050,S
2926,558,1021,S
2927,559,1057,N
2928,559,1050,N
2929,559,1058,N
2930,559,1021,S
2931,560,1057,N
2932,560,1050,N
2933,560,1058,N
2934,560,1059,N
2935,560,1021,S
2936,561,1057,N
2937,561,1050,N
2938,561,1058,N
2939,561,1059,N
2940,561,1021,S
2941,562,1060,N
2942,562,1061,N
2943,562,1021,S
2944,563,1062,N
2945,563,1063,N
2946,563,1021,S
2947,564,1064,N
2948,564,1065,N
2949,564,1066,N
2950,564,1021,S
2951,565,1067,S
2952,566,1068,N
2953,566,1069,N
2954,566,1065,S
2955,566,1021,S
2956,567,1070,S
2957,568,1021,S
2958,569,1071,S
2959,569,1072,S
2960,569,1073,S
2961,570,1074,S
2962,571,1071,S
2963,571,1072,S
2964,571,1073,S
2965,571,1021,S
2966,573,1021,S
2967,573,1070,S
2968,574,1071,S
2969,574,1072,S
2970,574,1073,S
2971,574,1021,S
2972,575,1071,S
2973,575,1072,S
2974,575,1073,S
2975,576,1075,N
2976,576,1076,N
2977,576,1077,N
2978,576,1078,N
2979,576,1079,N
2980,576,1080,N
2981,576,1081,N
2982,576,1021,S
2983,577,1082,S
2984,577,1021,S
2985,579,1083,S
2986,579,1084,S
2987,579,1085,N
2988,579,1086,N
2989,579,1087,N
2990,579,1088,N
2991,579,1089,N
2992,579,1090,N
2993,579,1091,N
2994,579,1092,N
2995,579,1021,S
2996,580,1093,S
2997,580,1090,N
2998,580,1091,N
2999,580,1021,S
3000,581,1093,S
3001,581,1094,N
3002,581,1095,N
3003,581,1096,N
3004,581,1097,N
3005,581,1021,S
3006,582,1093,S
3007,582,1094,N
3008,582,1095,N
3009,582,1096,N
3010,582,1097,N
3011,582,1098,N
3012,582,1099,N
3013,582,1100,N
3014,582,1101,N
3015,582,1021,S
3016,583,1102,N
3017,583,1103,N
3018,583,1104,N
3019,583,1105,S
3020,583,1021,S
3021,584,1106,S
3022,584,1021,S
3023,585,1106,S
3024,585,1107,S
3025,585,1021,S
3026,586,1106,S
3027,586,1021,S
3028,587,1106,S
3029,587,1108,S
3030,587,1021,S
3031,588,1109,N
3032,588,1110,N
3033,588,1111,S
3034,588,1108,S
3035,588,1021,S
3036,589,1112,S
3037,590,1106,S
3038,590,1108,S
3039,591,1113,S
3040,591,1108,S
3041,591,1105,S
3042,591,1114,N
3043,591,1110,N
3044,591,1115,N
3045,591,1021,S
3046,592,1116,S
3047,592,1117,N
3048,592,1118,N
3049,592,1119,N
3050,592,1120,N
3051,592,1121,S
3052,593,1122,S
3053,593,1094,N
3054,593,1095,N
3055,593,1096,N
3056,593,1097,N
3057,593,1098,N
3058,593,1099,N
3059,593,1100,N
3060,593,1101,N
3061,593,1121,S
3062,594,1123,N
3063,594,1124,N
3064,594,1125,N
3065,594,1126,N
3066,594,1127,N
3067,594,1128,N
3068,594,1129,N
3069,594,1130,N
3070,594,1131,N
3071,594,1132,N
3072,594,1133,N
3073,594,1134,N
3074,594,1135,N
3075,594,1136,N
3076,594,1137,N
3077,594,1138,N
3078,594,1139,N
3079,594,1140,N
3080,594,1141,N
3081,594,1142,N
3082,594,1143,N
3083,594,1144,S
3084,596,1131,S
3085,596,1144,S
3086,597,1144,S
3087,597,1145,S
3088,598,1132,S
3089,598,1144,S
3090,599,1146,S
3091,600,1147,N
3092,600,1148,N
3093,600,1149,S
3094,600,1144,S
3095,601,1146,S
3096,602,1150,S
3097,602,1144,S
3098,603,1151,S
3099,603,1144,S
3100,604,1146,S
3101,604,1144,S
3102,605,1146,S
3103,606,1146,S
3104,607,1144,S
3105,607,1152,S
3106,608,1146,S
3107,609,1153,N
3108,609,1154,N
3109,609,1155,N
3110,609,1156,N
3111,609,1157,N
3112,609,1144,S
3113,610,1146,S
3114,611,1158,N
3115,611,1154,N
3116,611,1159,N
3117,611,1160,N
3118,611,1144,S
3119,612,1146,S
3120,613,1153,N
3121,613,1154,N
3122,613,1155,N
3123,613,1156,N
3124,613,1157,N
3125,613,1144,S
3126,614,1146,S
3127,615,1161,N
3128,615,1154,N
3129,615,1162,N
3130,615,1163,N
3131,615,1164,N
3132,615,1144,S
3133,616,1146,S
3134,617,1158,N
3135,617,1154,N
3136,617,1165,N
3137,617,1156,N
3138,617,1157,N
3139,617,1144,S
3140,618,1146,S
3141,619,1166,N
3142,619,1167,N
3143,619,1168,N
3144,619,1169,N
3145,619,1170,N
3146,619,1171,N
3147,619,1172,N
3148,619,1173,N
3149,619,1174,N
3150,619,1175,N
3151,619,1144,S
2529,412,939,S
2530,412,940,N
2531,413,941,N
2532,413,942,N
2533,413,939,N
2534,413,943,N
2535,413,944,N
2536,413,945,N
2537,413,946,N
2538,413,947,N
2539,413,948,N
2540,413,949,N
2541,413,950,N
2542,413,951,N
2543,413,952,N
2544,413,953,N
2545,413,954,N
2546,413,955,N
2547,413,956,N
2548,413,957,N
2549,413,940,N
2550,416,941,N
2551,416,942,N
2552,416,946,N
2553,416,951,N
2554,416,952,N
2555,416,940,N
2556,417,958,S
2557,417,940,N
2558,418,941,N
2559,418,942,N
2560,418,946,N
2561,418,959,N
2562,418,945,N
2563,418,960,N
2564,418,949,N
2565,418,961,N
2566,418,939,N
2567,418,957,N
2568,418,940,N
2569,419,959,S
2570,419,940,N
2571,420,959,S
2572,420,941,N
2573,420,942,N
2574,420,940,N
2575,421,946,N
2576,421,962,N
2577,421,945,N
2578,421,939,N
2579,421,941,N
2580,421,942,N
2581,421,940,N
2582,422,962,S
2583,422,940,N
2584,423,962,S
2585,423,941,N
2586,423,942,N
2587,423,940,N
2588,424,941,N
2589,424,942,N
2590,424,946,N
2591,424,945,N
2592,424,944,N
2593,424,960,N
2594,424,949,N
2595,424,961,N
2596,424,957,N
2597,424,940,N
2598,425,944,S
2599,425,940,N
99,5,52,N
100,5,53,N
101,5,54,N
102,5,55,N
103,5,56,N
104,5,57,N
105,5,58,N
106,5,59,N
107,5,60,N
108,5,61,N
109,5,62,N
110,5,63,N
111,5,64,N
112,6,1,N
113,6,2,N
114,6,3,N
115,6,4,N
116,6,5,N
117,6,31,N
118,6,65,N
119,6,66,N
120,6,67,N
121,6,68,N
122,6,69,N
123,6,70,N
124,7,1,N
125,7,2,N
126,7,3,N
127,7,4,N
128,7,5,N
129,7,42,N
130,7,43,N
131,7,71,N
132,7,72,N
133,7,36,N
134,7,73,N
135,8,1,N
136,8,2,N
137,8,3,N
138,8,4,N
139,8,5,N
140,8,31,N
141,8,74,N
142,8,75,N
143,8,76,N
144,8,77,N
145,9,78,N
146,9,1,N
147,9,2,N
148,9,3,N
149,9,4,N
150,9,5,N
151,9,31,N
152,9,79,N
153,9,80,N
154,9,74,N
155,9,81,N
156,9,82,N
157,9,83,N
158,9,84,N
159,10,1,N
160,10,2,N
161,10,3,N
162,10,85,N
163,10,31,N
164,10,86,N
165,10,87,N
166,10,88,N
167,10,89,N
168,10,49,N
169,10,46,N
170,10,47,N
171,10,48,N
172,10,90,N
173,10,91,N
174,11,1,N
175,11,2,N
176,11,3,N
177,11,85,N
178,11,31,N
179,11,86,N
180,11,87,N
181,11,88,N
182,11,89,N
183,11,49,N
184,11,46,N
185,11,47,N
186,11,48,N
187,11,90,N
188,11,91,N
189,12,1,N
190,12,2,N
191,12,3,N
192,12,85,N
193,12,31,N
194,12,86,N
195,12,87,N
196,12,88,N
197,12,92,N
198,12,93,N
199,12,94,N
200,12,95,N
201,12,96,N
202,13,1,N
203,13,2,N
204,13,3,N
205,13,85,N
206,13,31,N
207,13,86,N
208,13,87,N
209,13,88,N
210,13,97,N
211,13,98,N
212,13,99,N
213,13,100,N
214,13,101,N
215,13,102,N
216,14,1,N
217,14,2,N
218,14,3,N
219,14,85,N
220,14,31,N
221,14,86,N
222,14,87,N
223,14,88,N
224,14,49,N
225,14,46,N
226,14,47,N
227,14,48,N
228,14,90,N
229,14,91,N
230,14,103,N
231,14,104,N
232,14,105,N
233,15,1,N
234,15,2,N
235,15,3,N
236,15,85,N
237,15,31,N
238,15,86,N
239,15,87,N
240,15,88,N
241,15,49,N
242,15,46,N
243,15,47,N
244,15,48,N
245,15,106,N
246,15,107,N
247,15,108,N
248,15,109,N
3171,635,1184,S
3172,635,1185,N
3173,636,1185,N
3174,637,1186,S
3175,637,1185,N
3176,642,1187,S
3177,643,1188,S
3178,643,1189,N
3179,643,1185,N
3180,644,1190,N
3181,644,1191,N
3182,644,1185,N
3183,645,1190,N
3184,645,1191,N
3185,645,1185,N
3186,646,1192,N
3187,646,1185,N
3188,647,1193,N
3189,647,1194,N
3190,647,1185,N
3191,648,1195,N
3192,648,1196,N
3193,648,1197,N
3194,648,1198,N
3195,648,1199,N
3196,648,1200,N
3197,648,1201,N
3198,648,1202,N
3199,649,1194,N
3200,649,1202,N
3201,649,1185,N
3202,653,1203,S
3203,653,1185,N
3204,654,1204,S
3205,654,1205,S
3206,654,1206,S
3207,654,1185,N
3208,659,1207,S
3209,659,1185,N
3210,660,1208,S
3211,660,1209,N
3212,660,1210,N
3213,660,1211,N
3214,660,1185,N
3215,661,1208,S
3216,661,1212,S
3217,661,1213,N
3218,662,1208,N
3219,662,1214,N
3220,662,1215,N
3221,662,1185,N
3222,663,1216,N
3223,663,1217,N
3224,663,1218,N
3225,663,1185,N
3226,665,1219,S
3227,665,1216,N
3228,665,1217,N
3229,665,1218,N
3230,665,1185,N
3231,667,1220,S
3232,667,1221,N
3233,667,1222,N
3234,667,1185,N
3235,669,1223,S
3236,669,1185,N
3237,671,1224,N
3238,671,1225,N
3239,671,1185,N
3240,673,1223,S
3241,673,1226,N
3242,673,1227,N
3243,673,1228,N
3244,673,1229,N
3245,673,1230,N
3246,673,1185,N
3247,674,1223,S
3248,674,1231,N
3249,674,1232,N
3250,674,1233,N
3251,674,1234,N
3252,674,1235,N
3253,674,1185,N
3254,675,1223,S
3255,675,1236,N
3256,675,1237,N
3257,675,1185,N
3258,676,1223,S
3259,676,1236,N
3260,676,1237,N
3261,676,1185,N
3262,677,1223,S
3263,677,1226,N
3264,677,1227,N
3265,677,1228,N
3266,677,1229,N
3267,677,1230,N
3268,677,1185,N
3269,678,1223,S
3270,678,1185,N
3271,679,1223,S
3272,679,1185,N
3273,680,1223,S
3274,680,1185,N
3275,681,1223,S
3276,681,1185,N
3277,681,1228,N
3278,682,1223,S
3279,682,1185,N
3280,683,1223,S
3281,683,1185,N
3282,684,1223,S
3283,684,1185,N
3284,685,1223,S
3285,685,1231,N
3286,685,1236,N
3287,685,1232,N
3288,685,1234,N
3289,685,1235,N
3290,685,1185,N
3291,686,1223,S
3292,686,1231,N
3293,686,1232,N
3294,686,1234,N
3295,686,1235,N
3296,686,1185,N
3297,687,1238,S
3298,687,1239,N
3299,687,1240,N
3300,687,1241,N
3301,688,1242,S
3302,688,1243,S
3303,688,1239,N
3304,688,1240,N
3305,688,1241,N
3306,688,1185,N
3307,690,1244,N
3308,690,1245,N
3309,690,1246,N
3310,690,1247,N
3311,690,1248,N
3312,690,1249,N
3313,690,1250,N
3314,690,1251,N
3315,690,1252,N
3316,690,1185,N
3317,694,1245,N
3318,694,1250,N
3319,694,1251,N
3320,694,1235,N
3321,694,1185,N
3322,705,1245,N
3323,705,1253,N
3324,705,1254,N
3325,705,1255,N
3326,705,1256,N
3327,705,1185,N
3328,706,1248,S
3329,706,1185,N
3330,707,1248,S
3331,707,1249,N
3332,707,1185,N
3333,708,1248,S
3334,708,1185,N
3335,709,1248,S
3336,709,1185,N
3337,710,1248,S
3338,710,1185,N
3339,711,1248,S
3340,711,1185,N
3341,711,1257,N
3342,712,1248,S
3343,712,1185,N
3344,713,1248,S
3345,713,1185,N
3346,714,1248,S
3347,714,1185,N
3348,715,1248,S
3349,715,1185,N
3350,717,1248,S
3351,717,1185,N
3352,718,1258,S
3353,718,1185,N
3354,719,1261,S
3355,719,1262,S
3356,719,1259,S
3357,719,1260,N
3358,719,1185,N
3359,721,1261,N
3360,721,1262,N
3361,721,1263,N
3362,721,1264,N
3363,721,1265,N
3364,721,1266,N
3365,721,1267,N
3366,721,1268,N
3367,721,1269,N
3368,721,1270,N
3369,721,1271,N
3370,721,1272,N
3371,721,1273,N
3372,721,1274,N
3373,721,1275,N
3374,721,1276,N
3375,721,1185,N
3376,723,1277,S
3377,724,1278,S
3378,724,1185,N
3379,725,1185,N
3380,726,1185,N
3381,727,1278,S
3382,727,1185,N
3383,729,1278,S
3384,729,1185,N
3385,730,1278,S
3386,730,1185,N
3387,731,1277,S
3388,732,1277,S
3389,733,1277,S
3390,734,1279,S
3391,734,1185,N
3392,735,1277,S
3393,735,1185,N
3394,736,1278,S
3395,736,1185,N
3396,737,1280,S
3397,738,1281,S
3398,739,1282,S
3399,739,1283,S
3400,739,1284,N
3401,739,1285,N
3402,739,1286,N
3403,739,1185,N
3404,740,1282,S
3405,740,1283,S
3406,740,1185,N
3407,741,1282,S
3408,741,1283,S
3409,742,1287,S
3410,742,1185,N
3411,743,1287,S
3412,743,1185,N
3413,744,1287,S
3414,744,1185,N
3415,744,1288,N
3416,745,1289,S
3417,745,1290,S
3418,746,1291,S
3419,747,1291,S
3420,748,1291,S
3421,749,1291,S
3422,750,1282,S
3423,750,1283,N
3424,750,1292,N
3425,750,1185,N
3426,751,1293,S
3427,751,1282,N
3428,751,1283,N
3429,751,1292,N
3430,751,1185,N
3431,752,1294,S
3432,752,1295,S
3433,752,1293,S
3434,752,1282,N
3435,752,1283,N
3436,752,1292,N
3437,752,1185,N
1666,250,337,N
1667,250,338,N
1668,250,339,N
1669,250,340,N
1670,250,341,N
1671,250,342,N
1672,251,337,N
1673,251,338,N
1674,251,339,N
1675,251,340,N
1676,251,341,N
1677,251,342,N
1678,252,337,N
1679,252,338,N
1680,252,339,N
1681,252,340,N
1682,252,341,N
1683,252,342,N
1684,253,337,N
1685,253,338,N
1686,253,339,N
1687,253,340,N
1688,253,341,N
1689,253,342,N
1690,254,337,N
1691,254,338,N
1692,254,339,N
1693,254,340,N
1694,254,341,N
1695,254,342,N
1696,255,337,N
1697,255,338,N
1698,255,339,N
1699,255,340,N
1700,255,341,N
1701,255,342,N
1702,256,343,N
1703,256,344,N
1704,256,345,N
1705,257,346,N
1706,258,346,N
1707,259,346,N
1708,260,346,N
1709,261,346,N
1710,262,346,N
1711,265,347,S
1712,265,348,S
1713,266,348,S
1714,266,349,S
1715,266,350,S
1716,266,351,N
1717,266,352,N
1718,266,347,S
1719,267,348,S
1720,267,353,S
1721,267,349,S
1722,267,350,S
1723,267,351,N
1724,267,352,N
1725,267,354,S
1726,267,347,S
1727,268,347,S
1728,268,348,S
1729,268,351,N
1730,269,347,S
1731,269,348,S
1732,269,355,S
1733,269,356,S
1734,269,357,S
1735,269,358,S
1736,270,347,S
1737,270,348,S
1738,270,355,S
1739,270,356,S
1740,270,357,S
1741,270,358,S
1742,271,347,S
1743,271,348,S
1744,271,355,S
1745,271,356,S
1746,271,357,S
1747,271,358,S
249,16,1,N
250,16,2,N
251,16,3,N
252,16,85,N
253,16,31,N
254,16,86,N
255,16,87,N
256,16,88,N
257,16,49,N
258,16,46,N
259,16,47,N
260,16,48,N
261,16,106,N
262,16,107,N
263,16,108,N
264,16,109,N
265,17,1,N
266,17,2,N
267,17,3,N
268,17,85,N
269,17,31,N
270,17,86,N
271,17,87,N
272,17,88,N
305,19,1,N
306,19,2,N
307,19,3,N
308,19,4,N
309,19,5,N
310,19,31,N
311,19,32,N
312,19,33,N
313,19,34,N
314,19,35,N
315,19,36,N
316,19,37,N
317,19,38,N
318,19,39,N
319,19,40,N
320,19,41,N
321,20,1,N
322,20,2,N
323,20,3,N
324,20,85,N
325,20,31,N
326,20,86,N
327,21,1,N
328,21,2,N
329,21,3,N
330,21,85,N
331,21,31,N
332,21,86,N
333,21,87,N
334,21,88,N
335,21,117,N
336,21,74,N
337,21,118,N
338,21,119,N
339,21,120,N
340,21,121,N
341,21,122,N
342,21,123,N
343,21,124,N
344,21,125,N
345,21,126,N
346,21,127,N
347,21,128,N
348,21,129,N
349,21,130,N
350,21,131,N
351,21,132,N
352,21,133,N
353,21,134,N
354,22,1,N
355,22,2,N
356,22,3,N
357,22,87,N
358,22,88,N
359,22,85,N
360,22,98,N
361,22,99,N
362,22,100,N
363,23,1,N
364,23,2,N
365,23,3,N
366,23,85,N
367,23,31,N
368,23,86,N
369,23,87,N
370,23,88,N
371,23,135,N
372,23,136,N
373,23,137,N
374,24,1,N
375,24,2,N
376,24,3,N
377,24,85,N
378,24,31,N
379,24,86,N
380,24,87,N
381,24,88,N
382,24,138,N
383,24,139,N
384,24,140,N
385,24,141,N
386,24,142,N
387,24,143,N
388,24,144,N
389,24,145,N
390,24,146,N
391,24,147,N
392,24,148,N
393,24,149,N
394,25,1,N
395,25,2,N
396,25,3,N
397,25,85,N
398,25,31,N
399,25,86,N
400,25,87,N
401,25,88,N
402,25,150,N
403,25,151,N
404,25,152,N
405,25,153,N
406,25,154,N
407,25,155,N
408,25,156,N
409,25,157,N
410,25,158,N
411,25,159,N
412,25,160,N
413,25,161,N
414,25,162,N
415,25,97,N
416,25,163,N
417,25,164,N
418,25,165,N
419,25,166,N
420,25,167,N
421,25,168,N
422,25,169,N
423,25,170,N
424,25,171,N
425,25,172,N
426,26,1,N
427,26,2,N
428,26,3,N
429,26,173,N
430,26,174,N
431,26,175,N
432,26,176,N
433,26,177,N
434,26,178,N
435,26,179,N
436,26,180,N
437,27,1,N
438,27,2,N
439,27,3,N
440,27,85,N
441,27,31,N
442,27,86,N
443,27,87,N
444,27,88,N
445,27,117,N
446,27,74,N
447,27,181,N
448,27,182,N
449,27,183,N
450,28,1,N
451,28,2,N
452,28,3,N
453,28,85,N
454,28,31,N
455,28,86,N
456,28,87,N
457,28,88,N
458,28,184,N
459,28,185,N
460,28,186,N
461,29,1,N
462,29,2,N
463,29,3,N
464,29,85,N
465,29,31,N
466,29,86,N
467,29,87,N
468,29,88,N
469,29,5,N
470,29,188,N
471,29,189,N
472,29,190,N
473,29,191,N
474,29,192,N
475,29,193,N
476,29,194,N
477,29,195,N
478,30,1,N
479,30,2,N
480,30,3,N
481,30,85,N
482,30,31,N
483,30,86,N
484,30,87,N
485,30,88,N
486,30,90,N
487,30,91,N
488,31,1,N
489,31,2,N
490,31,3,N
491,31,85,N
492,31,31,N
493,31,86,N
494,31,87,N
495,31,88,N
496,31,49,N
497,31,46,N
498,31,47,N
499,31,48,N
500,31,196,N
501,31,197,N
502,31,198,N
503,31,199,N
504,31,200,N
505,32,1,N
506,32,2,N
507,32,3,N
508,32,85,N
509,32,31,N
510,32,86,N
511,32,87,N
512,32,88,N
513,32,201,N
514,32,202,N
515,32,203,N
516,32,204,N
517,32,205,N
518,32,206,N
519,33,1,N
520,33,2,N
521,33,3,N
522,33,85,N
523,33,31,N
524,33,86,N
525,33,87,N
526,33,88,N
527,33,207,N
528,33,208,N
529,33,173,N
530,34,1,N
531,34,2,N
532,34,3,N
533,34,85,N
534,34,88,N
535,34,86,N
536,34,87,N
537,34,209,N
538,34,210,N
539,34,49,N
540,34,46,N
541,34,47,N
542,34,48,N
543,34,211,N
544,34,212,N
545,34,213,N
546,34,214,N
547,34,215,N
548,34,216,N
549,34,217,N
550,34,218,N
551,34,219,N
552,34,220,N
553,34,221,N
554,35,1,N
555,35,2,N
556,35,3,N
557,35,85,N
558,35,31,N
559,35,86,N
560,35,87,N
561,35,88,N
562,35,135,N
563,35,136,N
564,35,222,N
565,35,137,N
566,35,223,N
567,36,1,N
568,36,3,N
569,36,2,N
570,36,224,N
571,36,225,N
572,36,203,N
573,36,226,N
574,36,227,N
575,36,228,N
576,36,229,N
577,37,1,N
578,37,3,N
579,37,2,N
580,37,230,N
581,37,231,N
582,37,232,N
583,37,233,N
584,37,234,N
585,38,12,N
586,38,2,N
587,38,3,N
588,38,229,N
589,38,235,N
590,38,236,N
591,38,237,N
592,38,238,N
593,38,239,N
594,38,240,N
595,38,241,N